"In_Tree","Mass","FL_Breast","DL_Breast","PDL_Breast","PPL_Breast","AD_Breast","AP_Breast","AT_Breast","PAD_Breast","PAP_Breast","FL_Back","DL_Back","PDL_Back","PPL_Back","AD_Back","AP_Back","AT_Back","PAD_Back","PAP_Back","FL_Head","DL_Head","PDL_Head","PPL_Head","AD_Head","AP_Head","AT_Head","PAD_Head","PAP_Head","Temperature","Rainfall"
"Colinus cristatus",1.38,-0.191,0.0545,0.912,-0.912,-0.349,-0.0461,-0.051,0.38,-0.38,0.71,0.946,0.547,-0.547,0.463,-0.0379,0.294,0.757,-0.757,1.65,-0.815,-1.75,1.75,-0.798,1.14,0.164,-2.05,2.05,1.47,-0.813
"Oxyura jamaicensis",9.52,-0.224,-0.621,-1.43,1.43,-0.439,-0.0405,-0.0467,-1.16,1.16,0.284,-1.69,-4.08,4.08,-0.658,1.71,0.284,-3.18,3.18,0.00373,0.0135,0.0498,-0.0498,-0.00168,0.011,0.00474,0.0412,-0.0412,-1.05,0.421
"Pyrrhura calliptera",0.664,-0.0356,-0.267,-0.713,0.713,-0.277,-0.0334,-0.0373,-1.67,1.67,1.01,-0.258,-1.92,1.92,-0.21,2.52,0.927,-2.39,2.39,1.54,0.731,-0.248,0.248,1.4,3.6,2.75,-0.581,0.581,-1.37,-0.878
"Forpus conspicillatus",-0.205,-0.896,-1.06,-1.19,1.19,-0.773,-0.0482,-0.0591,-1.39,1.39,-0.404,-0.467,-0.287,0.287,-0.414,-0.164,-0.347,-0.704,0.704,-0.305,-0.189,0.0749,-0.0749,-0.295,0.176,-0.0723,-0.343,0.343,-1.07,-1.36
"Brotogeris jugularis",0.256,-0.487,-0.811,-1.42,1.42,-0.565,-0.0423,-0.0503,-1.34,1.34,0.431,-0.188,-1.06,1.06,0.00673,0.797,0.342,-0.82,0.82,1.1,-0.466,-1.24,1.24,1.41,3.16,2.52,-0.393,0.393,1.47,-0.813
"Pyrilia pyrilia",1.1,-0.586,-0.987,-1.81,1.81,-0.912,-0.0478,-0.0608,-1.79,1.79,0.783,0.137,-0.995,0.995,0.442,0.891,0.674,-0.319,0.319,0.875,0.0307,-0.631,0.631,-0.0813,1.25,0.634,-0.971,0.971,-0.135,0.917
"Hapalopsittaca amazonina",1.07,-0.216,-0.489,-0.948,0.948,-0.422,-0.0406,-0.0465,-1.1,1.1,1.2,-0.0331,-1.75,1.75,-0.148,2.32,0.885,-2.19,2.19,1.22,-0.026,-0.886,0.886,-0.188,0.749,0.301,-0.842,0.842,-2.33,-1.32
"Amazona farinosa",8.48,-1.1,-1.33,-1.65,1.65,-0.983,-0.0496,-0.0636,-1.76,1.76,-0.612,-1.38,-2.43,2.43,-0.965,-0.644,-0.919,-1.49,1.49,-1.1,-0.741,-0.0532,0.0532,-0.659,-0.842,-0.834,0.0247,-0.0247,1.14,-1.06
"Pionus menstruus",2.44,-0.138,-0.611,-1.59,1.59,-0.122,-0.0372,-0.0389,-0.834,0.834,1.21,0.0676,-1.59,1.59,0.261,3.25,1.55,-2.03,2.03,1.5,0.886,-0.0629,0.0629,2.49,2.28,2.66,0.482,-0.482,0.559,-1.35
"Pachyramphus cinnamomeus",-0.259,-0.773,-0.921,-0.78,0.78,-0.882,-0.0484,-0.0609,-1.29,1.29,-0.0279,-0.258,-0.554,0.554,-0.339,0.0639,-0.2,-0.647,0.647,0.447,0.787,0.719,-0.719,0.845,-0.0383,0.46,1.08,-1.08,0.255,2.44
"Pachyramphus albogriseus",-0.205,0.153,0.0543,-0.245,0.245,-0.258,-0.0442,-0.0478,0.117,-0.117,0.529,0.0909,-0.735,0.735,-0.0741,1.16,0.443,-1.31,1.31,0.252,0.794,0.965,-0.965,0.279,-0.186,0.0569,0.702,-0.702,-0.526,1.69
"Pachyramphus polychopterus",-0.273,-0.884,-1.1,-1.29,1.29,-0.927,-0.0495,-0.0626,-1.38,1.38,-0.311,-0.341,-0.164,0.164,-0.402,-0.672,-0.554,0.626,-0.626,0.0541,0.742,1.15,-1.15,0.0434,-0.466,-0.229,0.815,-0.815,1.17,0.175
"Pachyramphus versicolor",-0.341,-1.49,-1.42,0.692,-0.692,-1.08,-0.0532,-0.0685,0.692,-0.692,-1.73,-1.4,0.702,-0.702,-1.16,-1.25,-1.31,-0.157,0.157,-0.95,0.00807,1.61,-1.61,-0.515,-1.08,-0.883,1.37,-1.37,-2.15,-1.34
"Schiffornis turdina",-0.0694,-1.13,-1.16,-0.267,0.267,-0.994,-0.0519,-0.066,-0.0337,0.0337,-1.21,-0.842,0.834,-0.834,-0.902,-1.11,-1.07,0.698,-0.698,-1.19,-0.782,-0.0624,0.0624,-0.854,-1.04,-1.05,-0.336,0.336,1.35,0.0232
"Myiobius villosus",-0.341,-0.415,-0.308,0.5,-0.5,-0.513,-0.0473,-0.0546,0.322,-0.322,0.33,0.559,0.512,-0.512,0.432,0.223,0.384,0.385,-0.385,1.45,0.916,0.145,-0.145,1.6,0.91,1.41,0.736,-0.736,-0.0268,1.07
"Myiobius atricaudus",-0.382,-1.24,-1.27,-0.311,0.311,-1.05,-0.0521,-0.067,-0.831,0.831,-1.61,-1.39,0.119,-0.119,-1.08,-1.14,-1.21,-0.276,0.276,-1.54,-0.948,0.128,-0.128,-0.902,-1.22,-1.18,0.332,-0.332,0.378,0.508
"Myiopagis viridicata",-0.355,-0.503,-0.615,-0.466,0.466,-0.796,-0.0497,-0.061,-0.00437,0.00437,0.769,-0.298,-1.74,1.74,-0.68,0.246,-0.351,-1.81,1.81,0.44,-1.7,-2.75,2.75,-1.08,-0.199,-0.724,-2.83,2.83,0.32,0.569
"Myiarchus venezuelensis",-0.205,-1.16,-1.16,-0.0878,0.0878,-1.01,-0.0513,-0.0656,-1.01,1.01,-1.61,-1.47,-0.27,0.27,-1.24,-1,-1.25,-3.17,3.17,-0.658,0.136,1.25,-1.25,-0.245,-0.808,-0.579,1.05,-1.05,1.36,-1.22
"Myiarchus crinitus",-0.124,-0.73,-0.874,-0.727,0.727,-0.874,-0.0478,-0.0602,-1.48,1.48,0.193,0.135,-0.0994,0.0994,-0.382,1.62,0.431,-2.22,2.22,1.61,1.33,0.314,-0.314,0.438,1.09,0.845,-0.275,0.275,1.45,-1.47
"Myiarchus tyrannulus",-0.137,-1.17,-1.21,-0.296,0.296,-0.972,-0.0521,-0.0659,0.299,-0.299,-1.36,-0.957,1.05,-1.05,-0.916,-1.21,-1.13,1.37,-1.37,-1.1,-0.402,0.845,-0.845,-0.681,-1.11,-0.991,0.896,-0.896,1.22,-0.494
"Myiarchus tuberculifer",-0.273,-1.32,-1.31,0.0376,-0.0376,-1.08,-0.0525,-0.0678,-0.78,0.78,-1.29,-0.991,0.56,-0.56,-0.882,-0.995,-1.01,0.217,-0.217,-0.836,-0.275,0.691,-0.691,-0.518,-0.956,-0.816,0.858,-0.858,0.147,2.71
"Myiarchus cephalotes",-0.164,-0.51,-0.531,-0.011,0.011,-0.829,-0.0476,-0.0594,-0.887,0.887,0.0411,0.244,0.574,-0.574,-0.0803,0.335,0.0884,-0.16,0.16,0.583,1.07,1.01,-1.01,0.656,-0.187,0.271,1.05,-1.05,-0.179,1.63
"Myiarchus ferox",-0.205,-0.161,0.123,1.03,-1.03,-0.188,-0.0469,-0.0496,1.03,-1.03,0.284,0.452,0.385,-0.385,0.0881,0.442,0.247,-0.345,0.345,0.785,1.18,0.877,-0.877,1.2,0.643,1.03,0.705,-0.705,1.45,0.58
"Myiarchus apicalis",-0.178,-1.1,-0.994,0.695,-0.695,-0.94,-0.0513,-0.0647,-0.011,0.011,-1.35,-0.973,0.931,-0.931,-0.941,-1.05,-1.08,0.174,-0.174,-0.713,-0.0419,0.913,-0.913,-0.362,-0.925,-0.71,1.05,-1.05,0.819,-1.16
"Attila spadiceus",-0.0558,-0.598,-0.552,0.104,-0.104,-0.596,-0.0486,-0.057,-0.0529,0.0529,-0.188,0.0397,0.297,-0.297,-0.126,-0.109,-0.13,-0.247,0.247,0.0748,0.514,0.59,-0.59,0.017,-0.543,-0.286,0.638,-0.638,0.234,-0.944
"Ochthoeca cinnamomeiventris",0.243,-0.918,-0.914,0.0206,-0.0206,-0.892,-0.0504,-0.0631,-0.287,0.287,-0.0712,0.384,1.01,-1.01,-0.202,-0.456,-0.329,0.543,-0.543,0.802,1.61,1.46,-1.46,0.727,0.232,0.54,0.848,-0.848,-1.63,-1.43
"Ochthoeca fumicolor",-0.327,-1.24,-1.09,1.19,-1.19,-1.04,-0.0528,-0.0675,0.642,-0.642,-1,-0.933,-0.186,0.186,-0.824,-0.85,-0.913,-0.112,0.112,-1.18,-0.512,0.757,-0.757,-0.766,-1.22,-1.1,1.3,-1.3,-2.41,-1.2
"Ochthoeca rufipectoralis",-0.382,-1.2,-1.13,0.488,-0.488,-1.09,-0.0525,-0.0679,-1.11,1.11,-1.2,-0.575,1.84,-1.84,-0.868,-1.17,-1.08,1.26,-1.26,-0.188,0.365,0.879,-0.879,-0.353,-0.477,-0.46,0.117,-0.117,-1.65,-1.1
"Ochthoeca diadema",-0.382,-0.721,-0.7,0.167,-0.167,-0.752,-0.0499,-0.0606,0.488,-0.488,-0.622,-0.419,0.292,-0.292,-0.557,-0.583,-0.62,-0.0591,0.0591,0.5,0.843,0.848,-0.848,0.673,0.405,0.603,0.697,-0.697,-1.5,-0.000805
"Myiophobus pulcher",-0.409,-0.728,-0.761,-0.17,0.17,-0.807,-0.0492,-0.0607,-0.298,0.298,0.341,0.842,0.831,-0.831,-0.329,-0.438,-0.406,0.141,-0.141,0.601,0.369,-0.0205,0.0205,-0.0532,0.206,0.0816,-0.242,0.242,-1.38,-0.86
"Ochthoeca frontalis",-0.395,-0.575,-0.606,-0.127,0.127,-0.775,-0.0484,-0.0594,-0.496,0.496,0.871,0.968,0.32,-0.32,0.663,1.08,0.9,-0.229,0.229,0.832,1.35,1.03,-1.03,0.683,0.383,0.597,0.439,-0.439,-2.04,-1.27
"Sayornis nigricans",-0.287,1.27,0.349,-1.73,1.73,0.477,-0.0226,-0.0158,-1.23,1.23,0.615,0.547,-0.0174,0.0174,-0.0966,0.631,0.203,-0.859,0.859,0.638,0.575,0.238,-0.238,-0.402,0.358,-0.0341,-0.944,0.944,0.32,-0.789
"Contopus cinereus",-0.368,-0.762,-0.719,0.221,-0.221,-0.885,-0.0494,-0.062,-0.848,0.848,-0.028,-0.79,-1.76,1.76,-0.112,1.02,0.359,-1.26,1.26,-0.605,-0.612,-0.445,0.445,-0.533,-0.527,-0.59,-0.252,0.252,1.14,-1.06
"Contopus virens",-0.341,-1.09,-0.913,1.16,-1.16,-0.935,-0.0517,-0.065,0.467,-0.467,-1.27,-0.852,1.09,-1.09,-0.912,-1.02,-1.04,0.17,-0.17,-1.08,-0.448,0.718,-0.718,-0.671,-1.04,-0.95,0.675,-0.675,1.27,-1.2
"Contopus cooperi",-0.0965,-0.993,-0.963,0.162,-0.162,-0.931,-0.0515,-0.0647,0.261,-0.261,-1.29,-1.39,-1.06,1.06,-1.01,-0.966,-1.09,-0.659,0.659,-0.991,-0.668,-0.0495,0.0495,-0.582,-0.938,-0.842,0.596,-0.596,1.34,-0.82
"Contopus fumigatus",-0.232,-1.12,-1.1,0.101,-0.101,-0.987,-0.0519,-0.066,0.0749,-0.0749,-1.21,-0.844,0.975,-0.975,-0.932,-1.09,-1.09,0.699,-0.699,-1.02,-0.508,0.422,-0.422,-0.609,-1.05,-0.921,1.01,-1.01,-1.98,-1.38
"Pseudotriccus pelzelni",-0.382,-0.644,-0.669,-0.111,0.111,-0.758,-0.0494,-0.0602,0.0577,-0.0577,0.0582,0.0385,-0.0535,0.0535,-0.406,-0.141,-0.332,-0.483,0.483,-0.345,-0.476,-0.453,0.453,-0.529,-0.583,-0.618,-0.137,0.137,-0.591,1.89
"Pseudotriccus ruficeps",-0.382,-0.917,-0.824,0.521,-0.521,-0.869,-0.0513,-0.0636,0.551,-0.551,-0.547,-0.46,0.0385,-0.0385,-0.393,-0.426,-0.444,0.0702,-0.0702,-0.11,0.367,0.796,-0.796,0.16,-0.211,-0.024,0.446,-0.446,-1.4,0.4
"Mionectes olivaceus",-0.341,-1.3,-1.39,-0.854,0.854,-1.03,-0.0525,-0.0672,0.215,-0.215,-1.51,-1.32,0.0136,-0.0136,-1.09,-1.13,-1.21,-0.312,0.312,-1.13,-0.479,0.741,-0.741,-0.74,-1.09,-1.01,0.558,-0.558,-0.851,-0.545
"Mionectes striaticollis",-0.341,-1.34,-1.24,0.873,-0.873,-1.05,-0.0528,-0.0678,0.327,-0.327,-1.3,-0.724,1.71,-1.71,-0.92,-1.17,-1.11,1.01,-1.01,-0.858,-0.32,0.591,-0.591,-0.531,-1.01,-0.852,1.01,-1.01,-0.526,1.69
"Mionectes oleagineus",-0.395,-0.436,-0.771,-1.36,1.36,-0.764,-0.0467,-0.0576,-1.01,1.01,0.148,-0.636,-1.57,1.57,-0.56,0.428,-0.193,-1.52,1.52,-0.296,-1.04,-1.55,1.55,-0.838,-0.137,-0.552,-1.73,1.73,1.26,0.231
"Leptopogon rufipectus",-0.355,-1.22,-1.18,0.253,-0.253,-1.01,-0.0526,-0.0669,0.852,-0.852,-1.34,-1.29,-0.439,0.439,-0.992,-1.01,-1.09,-0.288,0.288,-0.89,-0.051,1.3,-1.3,-0.598,-1.01,-0.893,0.86,-0.86,-1.63,-1.43
"Leptopogon amaurocephalus",-0.368,-0.0747,-0.476,-1.31,1.31,-0.473,-0.0443,-0.051,-0.623,0.623,0.654,-0.000788,-1.06,1.06,0.0504,0.489,0.241,-0.485,0.485,0.335,-0.274,-0.714,0.714,-0.462,0.12,-0.198,-0.904,0.904,1.31,-0.0245
"Leptopogon superciliaris",-0.355,-1.01,-1,-0.0531,0.0531,-0.885,-0.0506,-0.0632,-0.289,0.289,-0.921,-0.635,0.574,-0.574,-0.833,-0.623,-0.822,-0.627,0.627,-0.33,0.407,1.22,-1.22,0.00869,-0.5,-0.268,0.841,-0.841,0.0708,2
"Snowornis subalaris",0.216,0.119,0.422,0.965,-0.965,0.263,-0.0433,-0.0396,0.94,-0.94,1.46,1.51,0.303,-0.303,1.68,1.41,1.72,0.375,-0.375,1.62,0.946,-0.077,0.077,1.28,1.31,1.44,0.302,-0.302,0.277,0.624
"Lipaugus fuscocinereus",1.4,-0.831,-0.618,1.15,-1.15,-0.794,-0.0507,-0.062,0.624,-0.624,-1.19,-0.783,1.02,-1.02,-0.697,-1.13,-0.946,1.55,-1.55,-0.0796,0.876,1.59,-1.59,0.608,-0.782,-0.0803,2.01,-2.01,-1.81,-1.19
"Pipreola arcuata",0.867,0.608,1.03,1.12,-1.12,0.0283,-0.0438,-0.0434,0.66,-0.66,1.71,2.38,1.18,-1.18,1.11,0.673,1.03,0.561,-0.561,1.12,1.7,1.06,-1.06,1.26,0.587,1.04,0.738,-0.738,-2.07,-1.03
"Pipreola aureopectus",0.0392,-0.258,-0.183,0.253,-0.253,-0.444,-0.0461,-0.0524,0.123,-0.123,0.384,0.593,0.471,-0.471,0.144,-0.303,-0.0317,0.741,-0.741,0.89,1.19,0.824,-0.824,0.671,0.499,0.653,0.457,-0.457,-0.0268,1.07
"Pipreola riefferii",0.134,-0.0429,0.15,0.66,-0.66,-0.248,-0.0465,-0.05,0.691,-0.691,0.658,0.852,0.476,-0.476,0.378,0.44,0.439,0.105,-0.105,1.46,1.88,0.992,-0.992,0.899,0.832,0.964,0.288,-0.288,-1.63,-1.43
"Machaeropterus deliciosus",-0.355,0.0628,0.203,0.483,-0.483,0.428,-0.0403,-0.0342,0.628,-0.628,-0.847,-0.64,0.32,-0.32,-0.688,-0.791,-0.796,0.202,-0.202,-0.39,-0.901,-1.22,1.22,-0.833,-0.282,-0.628,-1.6,1.6,0.168,-0.477
"Pipra erythrocephala",-0.355,-1.05,-0.977,-0.0879,0.0879,-0.806,-0.0517,-0.0631,0.589,-0.589,-0.356,-0.491,-0.0318,0.0318,-0.328,0.142,-0.159,0.0302,-0.0302,-0.628,-0.792,-0.76,0.76,-0.837,-0.538,-0.769,-1.28,1.28,1.18,1.19
"Pipra filicauda",-0.341,-1.22,-1.22,-0.0855,0.0855,-1.04,-0.0519,-0.0666,-0.747,0.747,-1.25,-1.07,0.116,-0.116,-0.99,-0.982,-1.08,-0.455,0.455,-1.26,-0.604,0.692,-0.692,-0.802,-1.14,-1.08,0.56,-0.56,0.147,2.71
"Manacus manacus",-0.314,-0.605,-0.874,-1.22,1.22,-0.829,-0.0486,-0.0604,-0.846,0.846,-0.0628,-0.661,-1.27,1.27,-0.722,0.0585,-0.458,-1.55,1.55,-0.642,-0.639,-0.449,0.449,-0.582,-0.731,-0.729,-0.179,0.179,1.08,-0.168
"Lepidothrix isidorei",-0.436,-1.46,-1.45,-0.0329,0.0329,-1.06,-0.0528,-0.0679,0.379,-0.379,-1.45,-1,1.26,-1.26,-1.02,-1.1,-1.15,-0.0352,0.0352,-1.31,-0.522,1.08,-1.08,-0.864,-1.26,-1.18,1.03,-1.03,0.277,0.624
"Lepidothrix coronata",-0.409,-1.02,-1.01,0.198,-0.198,-0.874,-0.0506,-0.063,0.121,-0.121,-0.726,-0.732,-0.149,0.149,-0.496,-0.406,-0.504,-0.202,0.202,-0.761,-0.098,0.932,-0.932,-0.413,-0.945,-0.75,1.07,-1.07,0.825,2.32
"Heterocercus flavivertex",-0.259,-1.29,-1.38,-0.961,0.961,-1.06,-0.0524,-0.0674,-0.667,0.667,-1.2,-1.16,-0.402,0.402,-0.959,-0.903,-1.03,-0.616,0.616,-1.34,-0.846,0.1,-0.1,-0.911,-1.19,-1.17,0.0788,-0.0788,1.45,0.58
"Xenopipo atronitens",-0.341,-0.974,-0.915,0.239,-0.239,-0.83,-0.0508,-0.0625,0.686,-0.686,-0.561,-0.484,-0.0107,0.0107,-0.435,-0.366,-0.447,-0.0276,0.0276,-0.751,-0.312,0.383,-0.383,-0.339,-0.681,-0.564,0.464,-0.464,1.45,0.58
"Xenopipo holochlora",-0.314,-0.336,-0.247,0.343,-0.343,-0.56,-0.0469,-0.0549,-0.21,0.21,0.187,0.318,0.256,-0.256,0.127,-0.195,0.002,0.563,-0.563,1.33,2.07,1.3,-1.3,1.4,0.907,1.29,0.612,-0.612,0.266,1.66
"Xenopipo flavicapilla",-0.3,-0.683,-0.788,-0.507,0.507,-0.79,-0.047,-0.0583,-1.15,1.15,-0.253,-0.258,-0.111,0.111,-0.683,-0.0941,-0.497,-1.34,1.34,0.244,0.3,0.237,-0.237,-0.124,-0.0683,-0.108,-0.0231,0.0231,-0.482,-0.833
"Masius chrysopterus",-0.368,-0.63,-0.55,0.379,-0.379,-0.755,-0.0468,-0.0575,-1.02,1.02,0.137,0.0915,-0.0877,0.0877,-0.272,-0.297,-0.308,0.0883,-0.0883,1.21,0.866,0.117,-0.117,-0.0196,0.408,0.211,-0.336,0.336,0.147,2.71
"Corapipo leucorrhoa",-0.409,-1.31,-1.33,-0.272,0.272,-1.05,-0.0518,-0.0668,-1.25,1.25,-1.42,-1.19,0.245,-0.245,-1.06,-1.09,-1.17,-0.394,0.394,-1.57,-0.932,0.352,-0.352,-0.818,-1.17,-1.1,0.633,-0.633,-0.0268,1.07
"Chiroxiphia lanceolata",-0.287,-0.91,-0.978,-0.443,0.443,-0.799,-0.0503,-0.0617,0.16,-0.16,-0.581,-0.309,0.601,-0.601,-0.445,-0.603,-0.554,-0.00803,0.00803,-0.906,-0.405,0.472,-0.472,-0.747,-1.05,-0.995,0.344,-0.344,1.14,-1.06
"Dysithamnus leucostictus",-0.259,-0.176,0.169,1.25,-1.25,-0.292,-0.0449,-0.049,0.237,-0.237,0.412,1.05,1.27,-1.27,0.447,-0.202,0.214,0.761,-0.761,0.87,1.02,0.588,-0.588,1.44,1.03,1.38,0.599,-0.599,0.147,2.71
"Dysithamnus mentalis",-0.327,-0.415,-0.333,0.366,-0.366,-0.528,-0.0465,-0.054,-0.0709,0.0709,0.786,1.03,0.563,-0.563,0.836,0.795,0.897,0.205,-0.205,-0.0376,0.223,0.39,-0.39,1.11,0.0687,0.669,0.804,-0.804,0.19,2.01
"Sakesphorus melanonotus",-0.232,-1.09,-1.13,-0.331,0.331,-0.963,-0.0497,-0.0634,-1.28,1.28,-0.368,-0.442,-0.179,0.179,-0.324,-0.333,-0.358,0.482,-0.482,-0.454,-0.115,0.469,-0.469,-0.106,-0.574,-0.373,0.877,-0.877,1.14,-1.06
"Thamnophilus amazonicus",-0.3,-1.38,-1.52,-1.58,1.58,-1.05,-0.0515,-0.0665,-1.52,1.52,-1.42,-1.04,0.921,-0.921,-1.02,-1.09,-1.14,-0.113,0.113,-1.21,-0.841,-0.157,0.157,-0.755,-0.751,-0.838,-0.602,0.602,1.45,0.564
"Thamnophilus punctatus",-0.273,-1.25,-1.22,0.213,-0.213,-0.99,-0.052,-0.0661,0.145,-0.145,-1.35,-1.07,0.504,-0.504,-0.872,-1.11,-1.06,0.882,-0.882,-1.28,-0.85,-0.056,0.056,-0.711,-1.08,-0.994,0.689,-0.689,1.14,-1.06
"Thamnophilus unicolor",-0.219,-1.15,-1.1,0.362,-0.362,-0.961,-0.0515,-0.0651,-0.082,0.082,-1.11,-0.911,0.218,-0.218,-0.831,-0.914,-0.944,0.121,-0.121,-1.21,-0.555,0.696,-0.696,-0.666,-1.02,-0.935,0.608,-0.608,-0.482,0.413
"Thamnophilus aethiops",-0.205,-0.216,-0.00685,0.778,-0.778,-0.482,-0.0447,-0.0515,-0.433,0.433,1.26,1.67,0.858,-0.858,1.63,0.968,1.5,0.65,-0.65,1.12,0.886,0.203,-0.203,1.6,1.05,1.48,0.715,-0.715,1.45,0.564
"Thamnophilus nigrocinereus",-0.164,-0.737,-0.894,-0.49,0.49,-0.66,-0.0472,-0.0566,-0.0674,0.0674,-0.175,-0.154,0.129,-0.129,0.137,-0.185,0.0132,0.776,-0.776,-0.0557,0.219,0.397,-0.397,0.623,0.272,0.502,0.741,-0.741,1.45,0.595
"Thamnophilus nigriceps",-0.219,-1.24,-1.23,-0.209,0.209,-1.01,-0.0519,-0.0662,-0.579,0.579,-1.23,-1.15,-0.268,0.268,-0.866,-0.902,-0.963,-0.107,0.107,-1.12,-0.352,1.07,-1.07,-0.555,-0.992,-0.857,0.882,-0.882,1.14,-1.06
"Thamnophilus murinus",-0.314,-0.276,-0.414,-0.483,0.483,-0.401,-0.0445,-0.0502,-0.196,0.196,0.466,0.405,-0.0368,0.0368,0.925,0.376,0.779,0.703,-0.703,0.585,0.0453,-0.421,0.421,0.693,1.31,1.11,-0.16,0.16,0.385,0.615
"Thamnophilus atrinucha",-0.246,-0.663,-0.825,-0.514,0.514,-0.785,-0.0467,-0.0578,-0.907,0.907,-0.363,-0.114,0.461,-0.461,-0.299,-0.441,-0.387,0.332,-0.332,-0.806,-0.759,-0.486,0.486,-0.665,-0.645,-0.73,-0.308,0.308,0.928,-0.177
"Thamnophilus multistriatus",-0.178,-1.19,-1.26,-0.566,0.566,-1,-0.0518,-0.066,-0.259,0.259,-1.14,-1.02,-0.0389,0.0389,-0.833,-0.987,-0.976,0.522,-0.522,-1.06,-0.668,0.0845,-0.0845,-0.663,-0.919,-0.878,0.228,-0.228,0.559,-1.35
"Thamnophilus tenuepunctatus",-0.178,-1.19,-1.17,0.104,-0.104,-0.986,-0.0519,-0.0659,0.0202,-0.0202,-1.18,-0.922,0.45,-0.45,-0.8,-0.928,-0.929,0.274,-0.274,-1.17,-0.792,-0.0923,0.0923,-0.731,-1.01,-0.965,0.311,-0.311,0.168,1.47
"Sakesphorus canadensis",-0.192,-0.629,-0.569,0.341,-0.341,-0.621,-0.0476,-0.0564,-0.0856,0.0856,0.703,0.929,0.668,-0.668,1.11,0.774,1.07,0.794,-0.794,1.06,-0.328,-1.03,1.03,0.219,1.32,0.846,-0.47,0.47,1.47,-0.813
"Taraba major",0.324,0.512,0.491,0.00655,-0.00655,0.436,-0.0317,-0.0255,-0.489,0.489,0.062,-0.0104,-0.168,0.168,1.1,0.148,0.8,1.1,-1.1,1.56,-0.408,-1.43,1.43,-0.396,1.47,0.577,-1.52,1.52,0.277,-0.427
"Thamnomanes caesius",-0.314,-0.636,-0.505,0.605,-0.605,-0.484,-0.0476,-0.0545,0.437,-0.437,-0.15,0.135,0.585,-0.585,0.469,-0.285,0.193,1.04,-1.04,0.548,-0.174,-0.688,0.688,0.388,1.55,1.07,-0.603,0.603,1.45,0.564
"Cercomacra nigricans",-0.3,-0.452,-0.318,0.583,-0.583,-0.287,-0.0458,-0.0499,0.523,-0.523,0.802,0.77,0.0867,-0.0867,0.86,0.754,0.896,0.248,-0.248,0.669,-0.0238,-0.554,0.554,0.3,1.06,0.748,-0.379,0.379,0.526,-0.991
"Cercomacra parkeri",-0.287,-0.361,-0.363,0.00236,-0.00236,-0.447,-0.0431,-0.0494,-0.599,0.599,0.603,0.65,0.268,-0.268,0.341,0.852,0.59,-0.377,0.377,0.455,-0.631,-1.22,1.22,-0.15,1.64,0.807,-1.09,1.09,-0.0051,1.29
"Cercomacra tyrannina",-0.3,-0.596,-0.57,0.118,-0.118,-0.826,-0.0467,-0.0585,-1.5,1.5,0.655,1.08,0.883,-0.883,1.41,1.15,1.43,0.255,-0.255,1.28,0.141,-0.715,0.715,0.425,2.44,1.57,-0.841,0.841,0.646,0.75
"Pithys albifrons",-0.273,-0.745,-1.01,-1.4,1.4,-0.838,-0.0484,-0.0603,-0.977,0.977,0.456,0.0286,-0.655,0.655,-0.153,0.452,0.0889,-0.59,0.59,0.124,-0.151,-0.324,0.324,0.129,0.284,0.228,-0.0209,0.0209,1.45,0.564
"Rhegmatorhina melanosticta",-0.151,-1.22,-1.17,0.347,-0.347,-1.02,-0.052,-0.0664,-0.318,0.318,-0.811,-0.34,1.16,-1.16,-0.695,-0.856,-0.829,0.397,-0.397,-0.531,-0.933,-1.18,1.18,-0.903,-0.743,-0.919,-1.4,1.4,0.277,0.624
"Gymnopithys leucaspis",-0.0965,-0.611,-0.726,-0.524,0.524,-0.641,-0.0468,-0.0559,-0.44,0.44,0.181,-0.0591,-0.486,0.486,-0.042,0.363,0.126,-0.462,0.462,-0.213,-0.286,-0.24,0.24,0.113,0.283,0.218,-0.0383,0.0383,1.45,0.564
"Willisornis poecilinotus",-0.3,-1.28,-1.32,-0.453,0.453,-1.04,-0.0518,-0.0666,-0.925,0.925,-1.42,-1.15,0.513,-0.513,-1.01,-1.12,-1.15,0.211,-0.211,-1.13,-0.905,-0.51,0.51,-0.757,-0.904,-0.923,-0.287,0.287,1.45,0.564
"Myrmeciza longipes",-0.151,-0.0282,-0.0528,-0.0374,0.0374,-0.386,-0.0423,-0.0477,-0.662,0.662,0.891,1.14,0.575,-0.575,0.483,1.64,1.02,-0.876,0.876,-0.0192,-0.646,-1.02,1.02,-0.507,0.302,-0.124,-1.12,1.12,1.27,-1.2
"Gymnocichla nudiceps",-0.0965,0.00866,-0.0831,-0.249,0.249,-0.263,-0.0409,-0.0446,-0.58,0.58,1.29,1.65,0.758,-0.758,0.908,1,1.03,0.0815,-0.0815,0.745,-1.7,-2.75,2.75,2.06,-1.42,0.397,3.77,-3.77,1.04,-1.03
"Myrmeciza fortis",0.121,-0.62,-0.799,-0.826,0.826,-0.764,-0.0458,-0.0566,-1.38,1.38,1.16,0.684,-0.559,0.559,0.846,1.44,1.18,-0.332,0.332,1.16,-0.522,-1.42,1.42,-0.289,2.17,1.02,-1.59,1.59,0.277,0.624
"Myrmeciza immaculata",0.0121,-0.619,-0.819,-0.933,0.933,-0.737,-0.0459,-0.0564,-1.2,1.2,0.564,0.453,-0.108,0.108,3.02,0.385,2.19,1.4,-1.4,0.535,-0.289,-0.871,0.871,-0.037,1.46,0.774,-1.08,1.08,-0.0159,1.18
"Myrmoborus leucophrys",-0.246,-0.0595,0.135,0.686,-0.686,-0.0637,-0.0434,-0.0443,0.371,-0.371,0.642,1.16,1.02,-1.02,0.996,0.564,0.906,0.579,-0.579,1.3,-0.135,-1.03,1.03,0.196,2.12,1.27,-1.02,1.02,0.646,0.75
"Myrmeciza disjuncta",-0.355,-0.546,-0.812,-1.18,1.18,-0.728,-0.0445,-0.0548,-1.55,1.55,0.51,0.492,0.035,-0.035,0.895,0.418,0.776,0.615,-0.615,0.785,-0.387,-1.09,1.09,0.217,1.94,1.18,-0.866,0.866,1.45,0.58
"Hypocnemoides melanopogon",-0.368,-0.454,-0.427,0.15,-0.15,-0.438,-0.0453,-0.0515,-0.108,0.108,0.204,0.133,-0.127,0.127,0.315,0.2,0.295,0.261,-0.261,0.72,-0.518,-1.23,1.23,-0.193,1.79,0.867,-1.36,1.36,1.45,0.595
"Hylophylax naevius",-0.368,-0.264,-0.106,0.617,-0.617,-0.543,-0.0473,-0.055,0.147,-0.147,0.834,1.88,1.96,-1.96,1.06,0.136,0.769,1.08,-1.08,-0.401,-1.12,-1.63,1.63,-0.735,0.055,-0.388,-1.53,1.53,0.277,0.624
"Myrmotherula cherriei",-0.422,-0.69,-0.749,-0.329,0.329,-0.577,-0.0487,-0.0569,0.478,-0.478,-0.11,0.277,0.844,-0.844,-0.337,-0.711,-0.527,0.854,-0.854,-0.091,-0.768,-1.18,1.18,-0.395,0.206,-0.112,-0.88,0.88,1.45,0.58
"Myrmotherula behni",-0.409,-0.814,-0.857,-0.24,0.24,-0.839,-0.0487,-0.0606,-0.818,0.818,0.194,0.382,0.416,-0.416,0.0442,0.276,0.147,-0.214,0.214,0.121,-0.245,-0.482,0.482,-0.157,0.725,0.305,-0.778,0.778,0.277,0.624
"Myrmotherula schisticolor",-0.395,-0.97,-0.986,-0.0625,0.0625,-0.836,-0.0501,-0.0619,-0.039,0.039,-0.393,-0.147,0.523,-0.523,-0.275,-0.447,-0.374,0.255,-0.255,-0.754,-0.546,-0.0701,0.0701,-0.39,-0.501,-0.495,0.127,-0.127,-0.273,0.347
"Myrmotherula longipennis",-0.422,-0.341,0.00278,1.36,-1.36,-0.415,-0.0439,-0.0498,-0.397,0.397,-0.209,0.196,0.894,-0.894,-0.665,-0.576,-0.689,-0.325,0.325,-0.526,-0.766,-0.847,0.847,-0.659,0.0118,-0.369,-1.27,1.27,1.45,0.564
"Formicivora grisea",-0.395,-0.427,-0.578,-0.582,0.582,-0.529,-0.0447,-0.0522,-0.579,0.579,1.07,1.17,0.355,-0.355,1.36,0.872,1.28,0.543,-0.543,-0.0442,-0.245,-0.543,0.543,0.133,0.0952,0.127,-0.14,0.14,1.43,0.028
"Epinecrophylla fulviventris",-0.395,-0.271,-0.433,-0.513,0.513,-0.212,-0.0413,-0.0443,-0.25,0.25,-0.0138,0.0702,0.164,-0.164,-0.0159,-0.199,-0.095,0.322,-0.322,-0.592,-1.19,-1.66,1.66,-0.903,-0.264,-0.657,-1.85,1.85,0.747,-0.846
"Epinecrophylla haematonota",-0.422,-0.27,-0.529,-0.93,0.93,-0.33,-0.0445,-0.0491,-0.00488,0.00488,-0.153,0.117,0.571,-0.571,0.663,-0.526,0.221,1.69,-1.69,0.231,-0.388,-0.783,0.783,0.749,0.606,0.756,0.375,-0.375,1.45,0.564
"Thamnistes anabatinus",-0.246,-0.331,-0.478,-0.546,0.546,-0.68,-0.0444,-0.054,-1.36,1.36,0.437,0.411,0.0213,-0.0213,0.0651,1,0.469,-0.927,0.927,0.733,0.253,-0.245,0.245,0.496,1.57,1.14,-0.348,0.348,0.125,0.846
"Campylorhamphus trochilirostris",-0.0287,-0.0582,-0.509,-1.45,1.45,-0.344,-0.041,-0.0459,-0.777,0.777,1.72,1.08,-0.64,0.64,1.1,1.51,1.38,-0.142,0.142,0.661,-0.608,-1.33,1.33,-0.213,0.413,0.104,-0.643,0.643,1.38,-1.08
"Xiphorhynchus obsoletus",-0.137,-0.51,-0.542,-0.129,0.129,-0.416,-0.0469,-0.0528,0.429,-0.429,0.504,0.621,0.312,-0.312,0.876,0.244,0.69,0.781,-0.781,0.235,-0.805,-1.4,1.4,-0.246,0.752,0.27,-0.973,0.973,1.45,0.595
"Xiphorhynchus guttatus",0.121,-0.717,-0.936,-1.11,1.11,-0.697,-0.0466,-0.0565,-0.76,0.76,0.625,0.858,0.526,-0.526,1.07,0.899,1.1,0.331,-0.331,0.142,-0.751,-1.23,1.23,-0.233,0.78,0.292,-0.937,0.937,1.14,-1.06
"Xiphorhynchus susurrans",0.0528,-0.379,-0.655,-1.11,1.11,-0.397,-0.046,-0.0516,0.00665,-0.00665,0.749,0.614,-0.104,0.104,0.679,0.622,0.718,0.206,-0.206,-0.0457,-1.07,-1.73,1.73,-0.585,0.367,-0.134,-1.37,1.37,1.22,-0.662
"Xiphorhynchus erythropygius",0.121,0.531,0.098,-0.959,0.959,0.609,-0.0257,-0.017,-0.666,0.666,0.4,0.268,-0.299,0.299,0.542,0.821,0.711,-0.483,0.483,0.288,-0.266,-0.634,0.634,0.0435,1.02,0.582,-0.709,0.709,0.291,0.356
"Xiphorhynchus triangularis",0.08,-0.283,-0.206,0.312,-0.312,-0.244,-0.0447,-0.0481,0.281,-0.281,0.525,0.708,0.446,-0.446,0.559,0.667,0.657,-0.019,0.019,0.748,0.217,-0.382,0.382,0.61,1.5,1.16,-0.393,0.393,-0.2,-0.365
"Xiphorhynchus ocellatus",-0.00151,-0.589,-0.596,-0.0231,0.0231,-0.578,2.12,2.11,-5.2,5.2,0.424,0.731,0.669,-0.669,1.1,-0.184,0.661,1.5,-1.5,0.275,-0.741,-1.34,1.34,-0.36,0.795,0.228,-1.15,1.15,1.45,0.564
"Dendroplex picus",-0.0151,-0.828,-0.982,-0.854,0.854,-0.713,-0.0494,-0.0595,0.308,-0.308,1.13,0.403,-0.97,0.97,1.07,1.05,1.16,0.191,-0.191,0.423,-0.546,-1.13,1.13,-0.239,0.263,0.00712,-0.563,0.563,1.32,-0.759
"Dendrocolaptes sanctithomae",0.514,0.623,0.592,-0.015,0.015,0.173,-0.0387,-0.0362,-0.016,0.016,1.55,0.475,-1.32,1.32,1.54,1.88,1.83,-0.0316,0.0316,0.515,-1.7,-2.75,2.75,-1.08,0.921,-0.114,-2.83,2.83,0.971,0.169
"Dendrocincla merula",0.08,-0.607,-0.803,-0.892,0.892,-0.637,-0.0488,-0.0579,0.371,-0.371,0.105,0.731,1.35,-1.35,0.3,-0.349,0.0525,1.05,-1.05,-0.301,-1.04,-1.54,1.54,-0.287,0.173,-0.0692,-0.568,0.568,1.45,0.564
"Dendrocincla homochroa",0.0664,-0.249,-0.248,0.0367,-0.0367,-0.292,-0.0464,-0.0505,0.552,-0.552,0.581,0.778,0.458,-0.458,1.31,0.411,1.05,0.912,-0.912,0.68,-0.873,-1.68,1.68,-0.472,1.67,0.64,-1.7,1.7,-0.0268,1.07
"Dendrocincla fuliginosa",-0.00151,-0.507,-0.634,-0.626,0.626,-0.594,-0.0458,-0.0542,-0.698,0.698,0.657,0.404,-0.303,0.303,0.909,0.91,0.994,0.274,-0.274,0.228,-0.536,-1.01,1.01,0.0381,1.16,0.651,-0.793,0.793,1.23,-0.238
"Dendrocincla tyrannina",0.134,-0.215,-0.331,-0.406,0.406,-0.383,-0.0449,-0.0504,-0.0481,0.0481,1.14,1.28,0.415,-0.415,1.32,0.422,1.07,0.793,-0.793,1.4,0.633,-0.265,0.265,1.39,1.87,1.81,0.0623,-0.0623,-2.33,-1.32
"Glyphorynchus spirurus",-0.341,-0.682,-0.763,-0.39,0.39,-0.63,-0.0506,-0.0595,1.32,-1.32,0.0422,-0.415,-1.02,1.02,-0.265,-0.547,-0.409,0.605,-0.605,-0.996,-0.855,-0.534,0.534,-0.584,-0.717,-0.723,-0.0267,0.0267,0.906,0.458
"Synallaxis azarae",-0.327,-0.643,-0.716,-0.34,0.34,-0.141,-0.0469,-0.0489,1.11,-1.11,0.334,-0.0285,-0.672,0.672,0.12,-0.693,-0.214,1.5,-1.5,-0.091,-0.958,-1.5,1.5,-0.67,-0.0907,-0.431,-1.21,1.21,1.1,0.568
"Thripadectes melanorhynchus",0.0256,-0.0257,0.075,0.361,-0.361,-0.243,-0.0455,-0.0489,0.496,-0.496,1.08,1.45,0.793,-0.793,1.1,0.575,0.983,0.659,-0.659,0.822,0.0932,-0.543,0.543,0.354,1.43,0.979,-0.588,0.588,-0.0123,1.05
"Thripadectes virgaticeps",0.134,-0.836,-0.886,-0.295,0.295,-0.878,-0.0494,-0.0619,-0.461,0.461,-0.561,-0.439,-0.00763,0.00763,-0.467,-0.632,-0.581,0.233,-0.233,-0.467,-0.473,-0.235,0.235,-0.491,-0.421,-0.509,-0.15,0.15,-0.255,0.118
"Automolus ochrolaemus",-0.0287,-1.16,-1.21,-0.571,0.571,-0.922,-0.051,-0.0641,-0.142,0.142,-0.752,-0.852,-0.423,0.423,-0.898,-0.908,-0.986,-0.216,0.216,-0.602,-0.854,-1.06,1.06,-0.618,-0.229,-0.476,-0.509,0.509,1.43,0.673
"Automolus infuscatus",-0.0694,-0.604,-0.55,0.254,-0.254,-0.519,-0.0482,-0.0556,0.564,-0.564,0.36,0.0559,-0.546,0.546,0.182,0.378,0.282,-0.13,0.13,0.805,-0.666,-1.46,1.46,-0.0792,0.729,0.351,-0.665,0.665,1.45,0.564
"Hyloctistes subulatus",-0.083,-0.513,-0.623,-0.824,0.824,-0.462,-0.0424,-0.049,-0.585,0.585,-0.82,-0.762,-0.0174,0.0174,-0.662,-0.6,-0.697,0.0328,-0.0328,-0.866,-0.849,-0.639,0.639,-0.772,-0.666,-0.802,-0.518,0.518,0.349,0.268
"Automolus rubiginosus",0.0256,0.703,0.52,-0.371,0.371,0.987,-0.0338,-0.0197,0.43,-0.43,0.508,-0.387,-1.61,1.61,0.166,1.04,0.554,-0.83,0.83,0.777,-0.622,-1.39,1.39,-0.147,1.82,0.905,-1.3,1.3,0.711,0.252
"Sclerurus mexicanus",-0.205,0.634,0.562,-0.114,0.114,0.963,-0.033,-0.0192,0.31,-0.31,-0.0665,-0.406,-0.822,0.822,-0.284,0.0168,-0.183,-0.458,0.458,-0.283,-0.224,-0.0516,0.0516,-0.572,-0.208,-0.439,-0.814,0.814,0.277,-0.427
"Formicarius analis",0.284,-0.0559,0.144,0.705,-0.705,-0.122,-0.0463,-0.0481,0.96,-0.96,0.335,0.879,1.14,-1.14,0.386,-0.221,0.165,0.91,-0.91,1,0.779,0.196,-0.196,1.06,0.928,1.11,0.396,-0.396,-0.0268,1.07
"Formicarius colma",0.0935,-0.478,-0.606,-0.521,0.521,-0.484,-0.0464,-0.0533,0.0585,-0.0585,0.252,0.906,1.38,-1.38,0.366,-0.414,0.0695,1.23,-1.23,0.427,0.21,-0.0698,0.0698,-0.441,0.739,0.151,-1.26,1.26,1.45,0.564
"Chamaeza turdina",0.379,-0.079,0.243,1.06,-1.06,-0.0529,-0.0469,-0.0477,1.29,-1.29,1.13,2.02,1.6,-1.6,1.6,0.026,1.08,1.54,-1.54,1.04,1.28,0.721,-0.721,1.28,0.946,1.24,0.505,-0.505,-0.189,2.2
"Chamaeza campanisona",0.542,0.00845,0.214,0.697,-0.697,-0.37,-0.0459,-0.0511,0.134,-0.134,1.15,2.09,1.68,-1.68,-0.00671,-0.0111,-0.00918,0.0282,-0.0282,1.57,1.95,0.981,-0.981,2.34,1.31,2.04,0.908,-0.908,0.212,1.67
"Myornis senilis",-0.273,-0.939,-0.998,-0.381,0.381,-0.974,-0.0509,-0.0647,-0.831,0.831,-1.05,-1.05,-0.462,0.462,-0.885,-0.908,-0.978,-0.179,0.179,-0.509,-0.14,0.405,-0.405,-0.0733,-0.0431,-0.0655,0.0308,-0.0308,-2.59,-1.05
"Scytalopus micropterus",-0.205,-0.851,-0.845,0.0173,-0.0173,-0.799,-0.0497,-0.0611,-0.0091,0.0091,0.0103,0.0122,-0.0182,0.0182,-0.611,-0.113,-0.457,-1.09,1.09,-0.836,-0.64,-0.216,0.216,-0.576,-0.649,-0.681,-0.147,0.147,-0.526,1.69
"Scytalopus griseicollis",-0.3,-0.99,-0.926,0.291,-0.291,-0.908,-0.0507,-0.0636,-0.32,0.32,0.566,0.693,0.285,-0.285,0.171,-0.00428,0.113,0.109,-0.109,-0.516,-0.362,-0.0478,0.0478,-0.433,-0.504,-0.521,-0.00704,0.00704,-1.94,-1.04
"Scytalopus chocoensis",-0.259,1.94,1.95,0.0925,-0.0925,2.76,-0.0233,0.016,0.828,-0.828,0.655,-0.0102,-1.09,1.09,0.436,0.728,0.6,-0.171,0.171,-0.835,-0.44,0.261,-0.261,-0.54,-0.64,-0.656,-0.0552,0.0552,0.711,0.252
"Scytalopus vicinior",-0.246,-1.32,-1.36,-0.403,0.403,-1.03,-0.0525,-0.0671,0.227,-0.227,-1.23,-0.89,0.765,-0.765,-0.988,-1.15,-1.15,0.535,-0.535,-1.64,-0.649,1.79,-1.79,-0.816,-1.26,-1.15,1.34,-1.34,-0.482,-0.833
"Liosceles thoracicus",-0.00151,-1.23,-1.29,-0.588,0.588,-0.959,-0.0521,-0.0657,0.65,-0.65,-1.08,-0.97,-0.102,0.102,-0.889,-0.96,-1,0.0262,-0.0262,-1.08,-0.896,-0.53,0.53,-0.807,-0.908,-0.954,-0.461,0.461,0.385,0.615
"Grallaria rufula",-0.0558,-0.585,-0.568,0.211,-0.211,-0.581,-0.0486,-0.0569,0.665,-0.665,-0.174,0.207,0.714,-0.714,-0.732,-0.363,-0.644,-1.06,1.06,0.463,0.871,0.959,-0.959,0.189,0.28,0.26,0.398,-0.398,-1.94,-1.04
"Grallaria ruficapilla",0.514,-0.966,-1.01,-0.312,0.312,-1.08,-0.0514,-0.0667,-2.3,2.3,-1.1,-1.07,-0.361,0.361,-1.09,-1.13,-1.21,-0.418,0.418,-0.33,0.419,1.21,-1.21,-0.487,-0.823,-0.725,0.532,-0.532,-1.65,-1.1
"Grallaria squamigera",1.21,0.26,0.445,0.577,-0.577,-0.132,-0.0417,-0.0436,-0.492,0.492,1.82,2.09,0.648,-0.648,1.57,1.19,1.56,0.514,-0.514,1.86,2.84,1.59,-1.59,2.27,1.02,1.85,0.957,-0.957,-2.65,-1.06
"Grallaricula nana",-0.259,-0.964,-0.83,0.783,-0.783,-0.876,-0.051,-0.0634,0.474,-0.474,-0.314,0.0435,0.716,-0.716,-0.234,-0.539,-0.385,0.373,-0.373,0.0126,1.16,1.84,-1.84,-0.0332,-0.742,-0.423,1.08,-1.08,-1.63,-1.43
"Grallaricula ferrugineipectus",-0.3,-1.05,-1.09,-0.333,0.333,-0.949,-0.051,-0.0644,-0.441,0.441,-0.92,-0.569,0.779,-0.779,-0.696,-0.965,-0.875,0.804,-0.804,-0.808,-0.174,0.845,-0.845,-0.532,-0.852,-0.767,0.484,-0.484,-0.0268,1.07
"Grallaricula flavirostris",-0.273,-1.2,-1.18,0.109,-0.109,-1,-0.052,-0.0662,-0.082,0.082,-1.09,-0.687,0.966,-0.966,-0.846,-1.04,-1.01,0.6,-0.6,-0.89,-0.202,0.945,-0.945,-0.466,-0.965,-0.791,1.03,-1.03,-0.591,0.537
"Turdus grayi",0.324,-0.464,-0.401,0.281,-0.281,-0.631,-0.0482,-0.0572,0.139,-0.139,0.432,0.484,0.174,-0.174,0.437,-0.0274,0.281,0.712,-0.712,-0.0763,-0.0294,0.057,-0.057,-0.407,-0.35,-0.423,-0.209,0.209,1.47,-0.813
"Turdus leucomelas",0.406,-0.00243,0.2,0.693,-0.693,-0.266,-0.0437,-0.0474,0.00324,-0.00324,1.27,1.31,0.168,-0.168,1.1,1.14,1.22,0.117,-0.117,0.575,0.433,0.0915,-0.0915,0.363,0.362,0.404,0.193,-0.193,-0.862,-0.305
"Turdus albicollis",0.08,0.11,0.127,0.0991,-0.0991,0.00443,-0.0451,-0.045,0.916,-0.916,1.58,1.22,-0.283,0.283,1.22,1.54,1.47,-0.0636,0.0636,1.07,1.32,0.749,-0.749,0.893,0.652,0.863,0.463,-0.463,-0.0268,1.07
"Turdus lawrencii",0.392,-0.976,-1.04,-0.45,0.45,-0.933,-0.0515,-0.0647,0.208,-0.208,-0.864,-0.73,0.0803,-0.0803,-0.776,-0.908,-0.905,0.3,-0.3,-1.53,-1.01,-0.0379,0.0379,-0.851,-1.11,-1.09,0.0432,-0.0432,0.385,0.615
"Turdus ignobilis",0.351,-0.689,-0.816,-0.622,0.622,-0.651,-0.0487,-0.0579,0.257,-0.257,-0.162,0.0915,0.533,-0.533,-0.148,-0.275,-0.216,0.282,-0.282,0.758,0.881,0.521,-0.521,0.45,0.323,0.431,0.329,-0.329,1.45,0.58
"Turdus serranus",0.555,-0.21,-0.189,0.134,-0.134,-0.318,-0.0455,-0.05,0.126,-0.126,0.432,0.948,1.07,-1.07,0.467,-0.0749,0.281,0.793,-0.793,0.405,0.702,0.303,-0.303,0.644,0.131,0.437,0.444,-0.444,-0.482,-0.833
"Turdus fuscater",1.19,-0.473,-0.426,0.289,-0.289,-0.749,-0.0471,-0.0578,-0.593,0.593,0.402,0.394,0.135,-0.135,0.128,0.214,0.176,0.0732,-0.0732,0.461,0.663,0.568,-0.568,0.653,0.987,0.909,0.0407,-0.0407,-2.2,-1.02
"Turdus leucops",0.351,-0.0669,-0.0797,-0.00139,0.00139,-0.213,-0.0439,-0.0469,0.164,-0.164,1.36,1.62,0.604,-0.604,1.3,0.724,1.18,0.66,-0.66,0.772,1.22,0.941,-0.941,0.937,0.734,0.932,0.435,-0.435,0.277,0.624
"Cichlopsis leucogenys",-0.00151,1.09,1.19,0.288,-0.288,1.79,-0.0277,-0.00231,0.543,-0.543,0.695,0.997,0.666,-0.666,0.524,0.17,0.423,0.55,-0.55,1.33,1.74,0.986,-0.986,0.839,0.5,0.749,0.542,-0.542,0.168,-0.477
"Entomodestes coracinus",0.256,1.56,1.77,0.463,-0.463,2.08,-0.0276,0.00201,0.74,-0.74,0.783,1.03,0.574,-0.574,0.569,0.472,0.581,0.249,-0.249,0.239,0.299,0.24,-0.24,-0.313,-0.167,-0.27,-0.252,0.252,0.277,-0.427
"Catharus ustulatus",-0.151,-0.89,-0.874,0.0809,-0.0809,-0.846,-0.0505,-0.0625,0.0754,-0.0754,-0.723,-0.457,0.432,-0.432,-0.567,-0.684,-0.67,0.0904,-0.0904,-0.243,0.357,0.894,-0.894,-0.122,-0.51,-0.347,0.53,-0.53,-0.558,0.679
"Catharus minimus",-0.083,-0.109,0.1,0.747,-0.747,-0.247,-0.0455,-0.049,0.51,-0.51,0.56,0.796,0.568,-0.568,0.562,0.075,0.408,0.721,-0.721,0.558,0.93,0.776,-0.776,0.48,-0.0341,0.254,0.68,-0.68,0.537,0.688
"Catharus fuscater",-0.124,-0.868,-0.992,-0.799,0.799,-0.883,-0.0504,-0.0629,-0.406,0.406,-0.164,0.52,1.47,-1.47,0.111,-0.515,-0.144,0.852,-0.852,-0.57,-0.325,-0.0207,0.0207,-0.412,-0.528,-0.522,-0.117,0.117,-0.945,0.728
"Myadestes ralloides",-0.124,-0.394,-0.556,-0.597,0.597,-0.55,-0.047,-0.0548,-0.0101,0.0101,0.473,1.06,1.2,-1.2,0.723,0.0289,0.496,0.927,-0.927,0.482,0.642,0.352,-0.352,0.413,0.358,0.429,0.117,-0.117,-1.78,-1.19
"Thryothorus nigricapillus",-0.232,-0.582,-0.658,-0.332,0.332,-0.66,-0.0483,-0.0577,0.0522,-0.0522,-0.114,-0.0398,0.118,-0.118,-0.00511,0.0818,0.0313,-0.0359,0.0359,-0.181,-0.746,-1.08,1.08,-0.63,0.233,-0.231,-1.36,1.36,-0.0051,1.29
"Thryothorus spadix",-0.219,-0.871,-0.768,0.637,-0.637,-0.795,-0.0511,-0.0623,0.846,-0.846,-0.625,-0.478,0.222,-0.222,-0.625,-0.661,-0.699,0.162,-0.162,-0.782,-0.722,-0.394,0.394,-0.681,-0.655,-0.744,-0.305,0.305,0.299,-1.02
"Thryothorus mystacalis",-0.178,-0.785,-0.737,0.254,-0.254,-0.823,-0.0502,-0.0619,0.0735,-0.0735,0.205,0.308,0.24,-0.24,0.233,0.143,0.217,0.109,-0.109,-0.0919,-0.547,-0.898,0.898,-0.523,-0.000309,-0.298,-1.13,1.13,-0.829,-0.179
"Thryothorus fasciatoventris",-0.205,-1.08,-1.14,-0.413,0.413,-1.02,-0.0502,-0.0648,-2,2,0.217,0.126,-0.161,0.161,3.72,0.227,2.59,2.15,-2.15,-0.595,-1.07,-1.44,1.44,-0.917,-0.262,-0.665,-1.97,1.97,1.14,-1.06
"Henicorhina leucophrys",-0.314,-0.765,-0.753,0.162,-0.162,-0.792,-0.05,-0.0612,0.304,-0.304,-0.311,-0.294,-0.0605,0.0605,-0.362,-0.241,-0.344,-0.337,0.337,-0.024,0.2,0.459,-0.459,-0.0945,-0.0509,-0.0818,0.113,-0.113,-0.743,0.641
"Henicorhina leucosticta",-0.314,-0.0203,0.128,0.0268,-0.0268,0.231,-0.0449,-0.0416,-0.085,0.085,0.166,-0.141,-0.644,0.644,-0.335,0.284,-0.103,-0.988,0.988,-0.16,-0.0399,0.123,-0.123,-0.218,-0.182,-0.223,-0.0934,0.0934,0.0274,-0.771
"Troglodytes aedon",-0.341,-1.27,-1.38,-0.863,0.863,-1.04,-0.0521,-0.0668,-0.677,0.677,-1.1,-1.13,-0.578,0.578,-1.03,-0.809,-1.03,-1.12,1.12,-1.16,-0.875,-0.395,0.395,-0.725,-0.901,-0.903,-0.161,0.161,0.219,-0.046
"Troglodytes solstitialis",-0.368,-0.532,-0.541,-0.0375,0.0375,-0.571,-0.0485,-0.0566,0.45,-0.45,0.161,0.162,0.0452,-0.0452,0.165,0.101,0.153,0.0911,-0.0911,0.226,0.796,1.06,-1.06,0.78,0.216,0.561,0.81,-0.81,-1.59,-1.14
"Cinnycerthia unirufa",-0.124,-0.798,-0.882,-0.474,0.474,-0.805,-0.0489,-0.0603,-0.55,0.55,-0.169,-0.0487,0.212,-0.212,-0.108,-0.052,-0.0941,-0.0977,0.0977,0.208,0.043,-0.108,0.108,0.469,1.43,1.04,-0.502,0.502,-1.94,-1.04
"Cinnycerthia olivascens",-0.192,-0.901,-1.03,-0.728,0.728,-0.899,-0.0491,-0.0618,-1.11,1.11,-0.0949,-0.332,-0.605,0.605,-0.445,0.275,-0.181,-1.23,1.23,-0.266,-0.589,-0.729,0.729,-0.488,0.219,-0.159,-1,1,-1.25,-0.438
"Cyphorhinus thoracicus",-0.11,-0.793,-1.07,-1.47,1.47,-0.936,-0.0488,-0.0621,-1.6,1.6,-0.248,-0.144,0.192,-0.192,-0.197,-0.265,-0.245,0.141,-0.141,-0.673,-0.643,-0.428,0.428,-0.624,-0.407,-0.577,-0.656,0.656,-0.439,-0.859
"Euphonia concinna",-0.382,-1.37,-1.39,-0.282,0.282,-1.09,-0.0526,-0.0681,-1.03,1.03,-1.22,-1.02,0.182,-0.182,-0.952,-0.881,-1.01,-0.647,0.647,-1.2,-0.393,1.17,-1.17,-0.65,-1.06,-0.946,0.828,-0.828,0.928,-1.04
"Euphonia trinitatis",-0.395,-1.16,-1.29,-1.09,1.09,-0.944,-0.0512,-0.0646,-0.18,0.18,-1.21,-0.973,0.364,-0.364,-1,-0.933,-1.07,-0.747,0.747,-1.42,-0.846,0.286,-0.286,-0.769,-1.15,-1.06,0.774,-0.774,1.47,-0.813
"Euphonia plumbea",-0.409,-1.2,-1.17,0.147,-0.147,-1.04,-0.0526,-0.0673,0.191,-0.191,-1.28,-1.1,0.0901,-0.0901,-0.92,-1.06,-1.07,0.369,-0.369,-1.39,-0.677,0.776,-0.776,-0.781,-1.18,-1.09,0.914,-0.914,1.45,0.58
"Euphonia xanthogaster",-0.355,-0.364,-0.442,-0.294,0.294,-0.541,-0.0448,-0.0525,-0.669,0.669,-0.0261,0.00774,0.0087,-0.0087,-0.169,-0.263,-0.225,0.064,-0.064,-0.162,0.085,0.352,-0.352,-0.0442,-0.242,-0.157,0.281,-0.281,0.136,1.51
"Euphonia laniirostris",-0.341,-1.37,-1.43,-0.79,0.79,-1.06,-0.0525,-0.0675,-0.377,0.377,-1.67,-1.44,0.148,-0.148,-1.09,-1.18,-1.23,-0.0154,0.0154,-1.46,-0.803,0.536,-0.536,-0.826,-1.13,-1.09,0.334,-0.334,1.14,-1.06
"Carduelis spinescens",-0.368,-1.28,-1.23,0.342,-0.342,-1.03,-0.0524,-0.067,0.191,-0.191,-1.48,-1.12,0.851,-0.851,-1.05,-1.21,-1.22,0.523,-0.523,-1.42,-0.85,0.272,-0.272,-0.796,-1.14,-1.08,0.57,-0.57,-2.11,-0.872
"Carduelis psaltria",-0.409,-0.907,-0.711,1.13,-1.13,-0.851,-0.0508,-0.0629,0.356,-0.356,-0.0136,0.475,1.07,-1.07,0.292,-0.594,-0.0563,1.48,-1.48,0.184,1.18,1.65,-1.65,0.681,-0.374,0.183,1.38,-1.38,-1.07,-1.36
"Atlapetes pallidinucha",-0.0422,-0.253,-0.286,-0.0902,0.0902,-0.506,-0.0467,-0.0539,0.0896,-0.0896,-1.1,-0.601,1.35,-1.35,-0.886,-1.1,-1.06,0.718,-0.718,-1.15,-0.676,0.227,-0.227,-0.842,-1.06,-1.06,-0.112,0.112,-2.02,-1.28
"Atlapetes schistaceus",-0.164,-1.11,-1.15,-0.295,0.295,-1.04,-0.052,-0.0668,-0.718,0.718,-0.911,-0.254,1.79,-1.79,-0.883,-1.06,-1.04,0.51,-0.51,-1.13,-0.703,0.0918,-0.0918,-0.878,-0.874,-0.976,-0.978,0.978,-1.63,-1.43
"Atlapetes semirufus",-0.137,-0.594,-0.624,-0.143,0.143,-0.763,-0.049,-0.0598,-0.113,0.113,0.106,0.127,0.017,-0.017,-0.125,0.0775,-0.0506,-0.19,0.19,0.766,0.471,-0.00473,0.00473,0.521,0.971,0.825,-0.103,0.103,-1.26,-1.35
"Chlorospingus canigularis",-0.246,-1.09,-1.03,0.397,-0.397,-0.927,-0.0511,-0.0642,-0.0173,0.0173,-0.681,-0.363,0.519,-0.519,-0.272,-0.524,-0.404,0.15,-0.15,-0.385,0.5,1.52,-1.52,0.272,-0.483,-0.109,0.69,-0.69,-1.27,0.0468
"Chlorospingus flavigularis",-0.205,0.541,0.815,0.895,-0.895,0.605,-0.0344,-0.0258,-0.122,0.122,-0.127,-0.313,-0.259,0.259,-0.0513,-0.0565,-0.0583,0.255,-0.255,-0.318,-0.065,0.299,-0.299,-0.331,-0.364,-0.387,-0.172,0.172,-0.0629,-0.124
"Chlorospingus semifuscus",-0.205,-1.31,-1.22,0.712,-0.712,-1.02,-0.0525,-0.0671,0.379,-0.379,-1.26,-0.987,0.579,-0.579,-1.01,-1.07,-1.13,-0.0334,0.0334,-1.25,-0.66,0.494,-0.494,-0.82,-1.08,-1.06,0.0965,-0.0965,-0.482,-0.833
"Arremon brunneinucha",0.08,-0.393,-0.325,0.297,-0.297,-0.584,-0.0478,-0.0561,0.095,-0.095,0.632,1.15,0.947,-0.947,0.624,0.146,0.48,0.387,-0.387,-0.00855,0.187,0.335,-0.335,-0.353,-0.256,-0.34,-0.105,0.105,-0.75,0.141
"Arremon taciturnus",-0.178,-1.15,-1.24,-0.728,0.728,-1.05,-0.0515,-0.0664,-1.62,1.62,-1.39,-1.29,-0.3,0.3,-1,-1.07,-1.12,-0.124,0.124,-1.14,-0.792,-0.134,0.134,-0.695,-0.967,-0.922,0.279,-0.279,0.147,2.71
"Arremon aurantiirostris",-0.164,-0.576,-0.619,-0.183,0.183,-0.795,-0.0493,-0.0606,-0.242,0.242,0.6,0.93,0.714,-0.714,0.262,0.618,0.437,-0.285,0.285,0.787,1.1,0.774,-0.774,0.951,0.232,0.667,0.881,-0.881,-0.0051,1.29
"Zonotrichia capensis",-0.232,-1.23,-1.13,0.713,-0.713,-0.991,-0.0523,-0.0664,0.512,-0.512,-1.48,-1.27,0.219,-0.219,-1.06,-1.14,-1.19,-0.128,0.128,-1.46,-0.75,0.671,-0.671,-0.815,-1.2,-1.12,0.774,-0.774,0.19,-0.389
"Basileuterus nigrocristatus",-0.355,-0.946,-1.08,-0.832,0.832,-0.932,-0.0505,-0.0637,-0.646,0.646,-0.42,-0.262,0.421,-0.421,-0.393,-0.326,-0.401,0.224,-0.224,0.0358,-0.354,-0.506,0.506,-0.234,-0.00791,-0.138,-0.225,0.225,-1.63,-1.43
"Phaeothlypis fulvicauda",-0.341,-0.393,-0.534,-0.501,0.501,-0.566,-0.0432,-0.0513,-1.56,1.56,-0.298,-0.321,-0.184,0.184,-0.299,-0.33,-0.34,-0.026,0.026,-0.263,-0.263,-0.163,0.163,-0.512,-0.205,-0.403,-0.737,0.737,0.291,0.124
"Basileuterus luteoviridis",-0.341,-1.05,-1.16,-0.689,0.689,-0.96,-0.0505,-0.0641,-0.733,0.733,-0.57,-0.59,-0.147,0.147,-0.562,-0.4,-0.546,-0.176,0.176,-0.57,-0.471,-0.354,0.354,-0.631,-0.765,-0.775,-0.219,0.219,-1.64,-0.332
"Basileuterus coronatus",-0.3,-0.587,-0.654,-0.291,0.291,-0.692,-0.0491,-0.0589,0.258,-0.258,-0.00888,0.222,0.491,-0.491,0.323,0.0063,0.219,0.532,-0.532,-0.82,-0.805,-0.631,0.631,-0.862,-0.795,-0.923,-1.05,1.05,-1.63,-1.43
"Basileuterus culicivorus",-0.395,-1.11,-1.22,-0.794,0.794,-0.966,-0.05,-0.0637,-1.19,1.19,-0.86,-0.693,0.0164,-0.0164,-0.58,-0.537,-0.616,-0.258,0.258,-0.869,-0.638,-0.28,0.28,-0.698,-0.879,-0.876,-0.24,0.24,0.103,0.338
"Basileuterus tristriatus",-0.355,-0.933,-0.9,0.151,-0.151,-0.897,-0.0505,-0.0633,-0.303,0.303,-0.329,-0.108,0.298,-0.298,-0.226,-0.444,-0.34,0.128,-0.128,-0.293,0.0315,0.49,-0.49,-0.418,-0.498,-0.509,-0.0199,0.0199,-0.575,0.728
"Basileuterus rufifrons",-0.382,-0.934,-0.958,-0.217,0.217,-0.922,-0.0501,-0.0632,-0.893,0.893,-0.33,-0.0107,0.653,-0.653,-0.326,-0.411,-0.393,0.139,-0.139,-0.303,-0.605,-0.744,0.744,-0.569,-0.426,-0.556,-0.478,0.478,0.87,-0.241
"Myioborus miniatus",-0.409,-1.31,-1.42,-0.978,0.978,-1.06,-0.0521,-0.0671,-0.846,0.846,-1.16,-0.819,0.557,-0.557,-0.814,-0.9,-0.927,-0.0695,0.0695,-0.975,-0.679,-0.0152,0.0152,-0.763,-0.927,-0.939,-0.284,0.284,-1.15,-0.431
"Myioborus melanocephalus",-0.382,-1.07,-1.09,-0.254,0.254,-0.991,-0.0509,-0.065,-1.05,1.05,0.195,-0.764,-2.01,2.01,0.682,-0.871,0.0867,2.42,-2.42,0.113,-0.363,-0.661,0.661,-0.336,0.578,0.123,-0.985,0.985,-2.22,-1.17
"Myioborus ornatus",-0.368,-1.02,-0.953,0.33,-0.33,-0.915,-0.0511,-0.0641,0.307,-0.307,-0.715,-0.164,1.13,-1.13,-0.433,-0.96,-0.697,0.946,-0.946,-0.845,-0.458,0.461,-0.461,-0.595,-0.834,-0.793,0.403,-0.403,-2.67,-1.17
"Sporophila corvina",-0.382,-1.21,-1.22,-0.163,0.163,-1.03,-0.0516,-0.0662,-0.912,0.912,-1.27,-0.911,0.81,-0.81,-0.929,-1.17,-1.12,1.01,-1.01,-1.39,-0.832,0.254,-0.254,-0.869,-1.13,-1.11,0.0426,-0.0426,1.45,-1.47
"Sporophila minuta",-0.422,-1.13,-1.3,-1.29,1.29,-1.04,-0.0504,-0.0652,-2.18,2.18,-1.42,-1.24,0.00762,-0.00762,-0.983,-0.943,-1.06,-0.589,0.589,-0.679,-0.567,-0.259,0.259,-0.63,-0.319,-0.532,-0.849,0.849,1.47,-0.813
"Sporophila luctuosa",-0.368,-1.14,-1.15,-0.159,0.159,-0.996,-0.0516,-0.0657,-0.38,0.38,-0.873,-0.742,-0.087,0.087,-0.74,-0.759,-0.817,-0.302,0.302,-1.2,-0.797,-0.0542,0.0542,-0.756,-0.939,-0.941,-0.243,0.243,-2.33,-1.49
"Sporophila nigricollis",-0.395,-1.17,-1.08,0.441,-0.441,-0.975,-0.052,-0.0659,0.193,-0.193,-0.813,-0.86,-0.558,0.558,-0.599,-0.567,-0.641,-0.251,0.251,-0.736,-0.51,0.0228,-0.0228,-0.513,-0.545,-0.589,-0.12,0.12,0.559,-1.35
"Sporophila schistacea",-0.368,-0.539,-0.669,-0.431,0.431,-0.53,-0.0482,-0.0557,0.425,-0.425,0.00799,0.331,0.688,-0.688,-0.476,-0.438,-0.504,0.0315,-0.0315,-0.031,0.0911,0.185,-0.185,0.0161,-0.284,-0.146,0.425,-0.425,-0.2,1.12
"Sporophila bouvronides",-0.395,-1.34,-1.39,-0.657,0.657,-1.05,-0.0521,-0.067,-0.799,0.799,-0.931,-0.415,1.34,-1.34,-0.726,-0.982,-0.903,0.781,-0.781,-1.22,-0.85,-0.17,0.17,-0.859,-1.08,-1.08,-0.17,0.17,1.45,-1.47
"Oryzoborus angolensis",-0.368,-1.2,-1.13,0.46,-0.46,-1.02,-0.052,-0.0665,-0.338,0.338,-1.36,-0.89,1.31,-1.31,-0.913,-1.19,-1.12,1.18,-1.18,-1.25,-0.622,0.59,-0.59,-0.701,-1.08,-0.989,0.742,-0.742,-0.569,0.676
"Diglossa sittoides",-0.409,-1.06,-0.991,0.459,-0.459,-0.935,-0.0517,-0.065,0.463,-0.463,-1.26,-0.783,1.31,-1.31,-0.903,-1.17,-1.1,1.08,-1.08,-1.38,-0.567,1.14,-1.14,-0.838,-1.21,-1.14,0.772,-0.772,-1.07,-1.36
"Diglossa albilatera",-0.395,-0.902,-0.854,0.288,-0.288,-0.826,-0.0502,-0.0619,-0.0294,0.0294,-0.697,-0.535,-0.176,0.176,-0.678,-0.639,-0.725,-0.607,0.607,-0.744,-0.439,0.0987,-0.0987,-0.505,-0.535,-0.579,-0.132,0.132,-1.01,0.105
"Diglossa humeralis",-0.368,-0.957,-0.765,1.15,-1.15,-0.948,-0.0512,-0.0647,-0.194,0.194,0.323,0.572,0.553,-0.553,-0.00996,0.12,0.0444,-0.097,0.097,0.00525,0.077,0.144,-0.144,-0.241,-0.387,-0.348,0.202,-0.202,-1.65,-1.1
"Diglossa lafresnayii",-0.314,-1.24,-1.11,1.03,-1.03,-1.02,-0.0524,-0.0669,0.312,-0.312,-1.27,-1.12,0.0375,-0.0375,-0.958,-1,-1.07,-0.0933,0.0933,-1.39,-0.777,0.462,-0.462,-0.891,-1.2,-1.16,0.236,-0.236,-2.15,-1.34
"Diglossa caerulescens",-0.341,-0.923,-0.933,-0.0851,0.0851,-0.916,-0.05,-0.063,-0.769,0.769,-0.402,-0.00519,0.888,-0.888,-0.337,-0.862,-0.591,1.28,-1.28,0.689,0.15,-0.359,0.359,-0.037,1.08,0.566,-0.821,0.821,-1.63,-1.43
"Diglossa cyanea",-0.314,-0.78,-0.712,0.363,-0.363,-0.833,-0.0498,-0.0616,-0.204,0.204,-0.234,0.206,0.945,-0.945,-0.0409,-0.452,-0.219,0.822,-0.822,-0.113,0.453,0.925,-0.925,-0.0245,-0.484,-0.278,0.739,-0.739,-0.721,0.119
"Tachyphonus phoenicius",-0.287,-1.03,-1.1,-0.472,0.472,-0.965,-0.0513,-0.065,-0.356,0.356,-0.484,-0.369,0.186,-0.186,-0.566,-0.355,-0.529,-0.381,0.381,-1.41,-0.899,0.101,-0.101,-0.751,-1.08,-1.01,0.349,-0.349,1.45,0.58
"Tachyphonus rufus",-0.0558,-0.367,-0.366,-0.012,0.012,-0.505,-0.0465,-0.0536,0.0374,-0.0374,0.459,1.18,1.48,-1.48,0.551,0.276,0.486,0.63,-0.63,0.378,0.0229,-0.254,0.254,0.161,0.0514,0.119,0.377,-0.377,0.06,1.22
"Ramphocelus flammigerus",-0.0422,1.36,1.44,0.231,-0.231,1.09,-0.0291,-0.0136,0.0258,-0.0258,0.683,0.66,0.0729,-0.0729,0.22,0.359,0.299,-0.0438,0.0438,0.118,0.193,0.0207,-0.0207,-0.0861,-0.0119,-0.0557,-0.109,0.109,0.277,-0.427
"Ramphocelus dimidiatus",-0.178,15.9,0.373,-5.47,5.47,-0.237,-0.0478,-0.0512,1.21,-1.21,-0.0862,-0.388,-0.745,0.745,-0.0916,0.22,0.0318,-0.369,0.369,-0.329,0.299,0.979,-0.979,-0.143,-0.447,-0.325,0.481,-0.481,0.429,-0.809
"Tachyphonus surinamus",-0.287,-1.41,-1.41,-0.112,0.112,-1.07,-0.0526,-0.0678,-0.32,0.32,-1.01,-0.74,0.493,-0.493,-0.725,-1.03,-0.922,0.991,-0.991,-0.973,-0.695,-0.15,0.15,-0.852,-1.04,-1.05,-0.289,0.289,0.385,0.615
"Tachyphonus delatrii",-0.273,1,1.05,0.177,-0.177,1.64,-0.0268,-0.00346,0.347,-0.347,0.388,0.385,-0.0336,0.0336,0.371,0.401,0.418,0.0811,-0.0811,-0.0538,0.0112,0.0998,-0.0998,-0.517,-0.533,-0.584,-0.0248,0.0248,0.385,-0.217
"Tachyphonus luctuosus",-0.355,-1.36,-1.36,-0.129,0.129,-1.08,-0.0529,-0.0682,0.0995,-0.0995,-1.12,-0.969,0.0458,-0.0458,-0.897,-0.965,-1.01,0.00334,-0.00334,-0.904,-0.374,0.544,-0.544,-0.817,-1.07,-1.05,0.0997,-0.0997,0.147,2.71
"Saltator maximus",0.0392,-0.0255,0.0883,0.53,-0.53,-0.0767,-0.0393,-0.0404,0.228,-0.228,-0.221,0.101,0.676,-0.676,-0.0163,-0.436,-0.196,0.683,-0.683,-0.344,-0.13,0.241,-0.241,-0.267,-0.305,-0.319,0.198,-0.198,0.53,0.497
"Saltator coerulescens",0.161,-0.549,-0.548,0.0191,-0.0191,-0.794,-0.048,-0.0593,-0.811,0.811,0.408,0.431,0.114,-0.114,-0.0205,-0.0639,-0.0409,0.152,-0.152,0.448,-0.426,-0.976,0.976,-0.206,1.73,0.827,-1.34,1.34,1.47,-0.813
"Saltator striatipectus",-0.0151,-0.375,-0.404,-0.0817,0.0817,-0.685,-0.0473,-0.057,-0.492,0.492,0.452,0.848,0.774,-0.774,0.178,-0.0648,0.0919,0.337,-0.337,0.0874,0.448,0.748,-0.748,0.433,-0.166,0.156,0.815,-0.815,0.248,-1.32
"Tangara heinei",-0.246,-0.386,-0.32,0.288,-0.288,-0.623,-0.0488,-0.0577,0.433,-0.433,0.245,0.44,0.437,-0.437,-0.45,0.758,0.0204,-1.71,1.71,-0.627,-0.387,0.0618,-0.0618,-0.654,-0.842,-0.831,0.0439,-0.0439,-1.07,-1.36
"Tangara cyanicollis",-0.314,-0.403,-0.313,0.36,-0.36,-0.68,-0.047,-0.0566,-0.512,0.512,0.387,0.645,0.496,-0.496,-0.000169,-0.192,-0.0816,0.285,-0.285,-0.263,0.0394,0.434,-0.434,-0.284,-0.265,-0.306,-0.0299,0.0299,0.407,1.11
"Tangara cayana",-0.273,-0.84,-0.833,0.247,-0.247,-0.856,-0.0505,-0.0626,0.297,-0.297,-0.39,-0.155,0.403,-0.403,-0.37,-0.46,-0.443,0.114,-0.114,-0.74,-0.255,0.419,-0.419,-0.43,-0.785,-0.672,0.449,-0.449,0.132,1.32
"Tangara vitriolina",-0.232,-0.848,-0.773,0.404,-0.404,-0.93,-0.0507,-0.0639,-0.594,0.594,-0.516,-0.295,0.299,-0.299,-0.49,-0.539,-0.557,0.0265,-0.0265,-0.947,-0.582,-0.0382,0.0382,-0.59,-0.706,-0.72,-0.0545,0.0545,-0.519,0.127
"Tangara labradorides",-0.341,-1.04,-1.02,0.105,-0.105,-0.846,-0.0511,-0.0631,0.586,-0.586,-0.407,-0.608,-0.675,0.675,-0.261,-0.00952,-0.179,-0.37,0.37,0.616,1.12,0.987,-0.987,1.71,0.372,1.18,1.26,-1.26,-1.65,-1.1
"Tangara vassorii",-0.3,-1,-0.867,0.866,-0.866,-0.932,-0.0516,-0.0649,0.382,-0.382,-0.538,-0.631,-0.434,0.434,-0.291,-0.537,-0.423,0.376,-0.376,-0.418,0.0913,0.703,-0.703,-0.388,-0.634,-0.566,0.436,-0.436,-0.699,0.872
"Tangara nigroviridis",-0.3,-1.22,-1.14,0.548,-0.548,-1.03,-0.0526,-0.0673,0.48,-0.48,-1.51,-1.24,0.445,-0.445,-0.941,-1.17,-1.13,0.927,-0.927,-1.11,-0.558,0.471,-0.471,-0.703,-1.13,-1.02,0.984,-0.984,-1.65,-1.1
"Tangara xanthocephala",-0.259,-0.819,-0.715,0.558,-0.558,-0.743,-0.0506,-0.0612,0.88,-0.88,0.221,0.318,0.229,-0.229,0.3,-0.195,0.118,0.799,-0.799,-0.506,-0.104,0.475,-0.475,-0.188,-0.648,-0.46,0.779,-0.779,-1.26,-1.35
"Tangara schrankii",-0.219,-1.23,-1.15,0.558,-0.558,-1.07,-0.0519,-0.0672,-1.63,1.63,-1.33,-1.03,0.603,-0.603,-0.956,-1.17,-1.14,0.871,-0.871,-1.73,-1.1,0.132,-0.132,-0.939,-1.25,-1.22,0.267,-0.267,0.385,0.615
"Tangara florida",-0.327,0.196,0.491,0.916,-0.916,0.0403,-0.0419,-0.0413,0.287,-0.287,0.625,0.638,0.132,-0.132,1.21,0.0646,0.835,1.27,-1.27,-0.418,0.0238,0.594,-0.594,-0.104,-0.617,-0.395,0.862,-0.862,0.277,-0.427
"Tangara arthus",-0.259,-0.993,-1.06,-0.405,0.405,-0.908,-0.0508,-0.0637,-0.902,0.902,-0.696,-0.866,-0.654,0.654,-0.599,-0.507,-0.616,-0.128,0.128,-0.967,-0.625,-0.000873,0.000873,-0.737,-0.884,-0.901,-0.203,0.203,-0.663,-0.273
"Chlorornis riefferii",0.189,-0.394,-0.278,0.527,-0.527,-0.548,-0.0466,-0.0544,0.0721,-0.0721,0.459,0.554,0.271,-0.271,0.175,0.163,0.186,0.121,-0.121,0.832,0.672,0.054,-0.054,0.655,0.886,0.855,-0.157,0.157,-2.35,-1.08
"Thraupis cyanocephala",-0.0558,-0.717,-0.631,0.45,-0.45,-0.778,-0.0497,-0.0607,0.21,-0.21,0.199,0.432,0.442,-0.442,0.363,0.0686,0.272,0.0539,-0.0539,0.122,0.393,0.61,-0.61,0.0277,-0.081,-0.0286,0.323,-0.323,-1.62,-0.458
"Anisognathus lacrymosus",-0.11,-0.645,-0.684,-0.182,0.182,-0.751,-0.0491,-0.0598,-0.098,0.098,0.509,0.719,0.481,-0.481,0.354,0.0813,0.272,0.399,-0.399,0.527,0.574,0.411,-0.411,0.313,0.24,0.308,0.386,-0.386,-1.02,-0.397
"Anisognathus igniventris",-0.0287,-0.846,-0.731,0.626,-0.626,-0.98,-0.0515,-0.0654,-0.338,0.338,-1.07,-0.543,1.41,-1.41,-0.938,-1.18,-1.13,1.03,-1.03,-1.17,-0.503,0.762,-0.762,-0.725,-1.05,-0.983,0.464,-0.464,-1.65,-1.1
"Thraupis episcopus",-0.083,-0.591,-0.433,0.721,-0.721,-0.667,-0.0494,-0.0589,0.412,-0.412,-0.41,-0.139,0.647,-0.647,-0.168,-0.249,-0.218,0.473,-0.473,-0.116,-0.0486,0.124,-0.124,-0.0299,-0.0686,-0.0546,0.271,-0.271,0.248,0.761
"Thraupis palmarum",-0.0422,-0.885,-0.994,-0.447,0.447,-0.846,-0.0504,-0.0624,-0.144,0.144,-0.799,-0.636,0.302,-0.302,-0.776,-0.807,-0.862,-0.0715,0.0715,-0.494,-0.338,0.107,-0.107,-0.401,-0.398,-0.445,0.18,-0.18,0.429,0.348
"Bangsia rothschildi",0.121,0.831,0.891,0.152,-0.152,0.967,-0.0323,-0.0186,0.153,-0.153,0.818,1.28,0.93,-0.93,0.292,0.193,0.277,0.272,-0.272,0.393,-0.0693,-0.436,0.436,0.109,0.442,0.302,-0.172,0.172,0.168,-0.477
"Iridosornis porphyrocephalus",-0.205,-1.03,-1.01,0.0607,-0.0607,-0.948,-0.051,-0.0644,-0.345,0.345,-0.91,-0.741,0.0813,-0.0813,-0.946,-0.759,-0.955,-0.604,0.604,-0.484,0.0859,0.828,-0.828,-0.276,-0.618,-0.494,0.596,-0.596,-0.482,-0.833
"Iridosornis rufivertex",-0.192,-1.17,-1.1,0.511,-0.511,-0.986,-0.0518,-0.0658,-0.0169,0.0169,-1.33,-1.07,0.408,-0.408,-0.944,-1.1,-1.1,0.45,-0.45,-0.734,-0.241,0.493,-0.493,-0.698,-1.01,-0.949,0.292,-0.292,-2.15,-1.34
"Mitrospingus cassinii",-0.0151,0.586,0.491,-0.175,0.175,0.461,-0.0303,-0.0237,-0.598,0.598,0.3,0.296,0.0374,-0.0374,0.916,-0.42,0.435,1.7,-1.7,-0.541,-0.61,-0.514,0.514,-0.536,-0.411,-0.529,-0.446,0.446,0.277,-0.427
"Chlorophonia cyanea",-0.355,-0.39,-0.325,0.285,-0.285,-0.635,-0.0476,-0.0567,-0.107,0.107,-0.0567,-0.328,-0.661,0.661,-0.14,-0.234,-0.193,0.225,-0.225,-0.812,-0.235,0.707,-0.707,-0.514,-0.834,-0.747,0.486,-0.486,-0.439,0.641
"Habia rubica",-0.137,-0.78,-0.739,0.152,-0.152,-0.849,-0.0489,-0.061,-0.476,0.476,-0.0262,0.214,0.321,-0.321,-0.0364,-0.121,-0.0759,0.169,-0.169,0.324,-0.0389,-0.425,0.425,-0.365,-0.147,-0.288,-0.443,0.443,-0.0268,1.07
"Accipiter striatus",0.745,0.0789,-0.237,-0.929,0.929,0.0476,-0.0411,-0.0404,0.144,-0.144,1.14,0.65,-0.595,0.595,1.58,2.22,2,-0.218,0.218,0.755,1.05,0.732,-0.732,0.69,0.743,0.797,0.213,-0.213,-1.94,-1.04
"Buteo nitidus",5.69,-0.712,-0.85,-0.686,0.686,-0.903,-0.0506,-0.0634,-0.277,0.277,-0.896,-1.07,-0.929,0.929,-0.994,-0.839,-1.02,-1.08,1.08,0.0879,0.242,0.317,-0.317,-0.0393,-0.337,-0.206,0.478,-0.478,1.38,-1.12
"Trogon personatus",0.27,0.0541,0.306,0.796,-0.796,0.27,-0.0436,-0.0397,0.971,-0.971,1.33,1.8,0.951,-0.951,2.07,0.473,1.59,1.2,-1.2,1.5,2.15,1.23,-1.23,1.46,0.732,1.23,0.771,-0.771,-0.683,0.41
"Trogon viridis",0.623,-0.387,-0.00212,1.46,-1.46,-0.251,-0.0464,-0.05,0.929,-0.929,0.239,0.705,0.795,-0.795,0.3,-0.0694,0.171,0.337,-0.337,0.947,1.74,1.57,-1.57,0.718,-0.216,0.29,1.55,-1.55,0.277,0.624
"Trogon comptus",0.514,0.0531,0.315,0.864,-0.864,0.568,-0.0428,-0.0347,1.24,-1.24,1.39,2.04,1.2,-1.2,2.07,0.694,1.68,1.17,-1.17,1.72,2.34,1.17,-1.17,3.24,1.34,2.57,1.25,-1.25,1.16,0.0977
"Trogon melanurus",0.895,0.279,0.469,0.572,-0.572,0.861,-0.0407,-0.0285,1.2,-1.2,1.89,1.85,0.209,-0.209,2.28,1.55,2.18,0.65,-0.65,1.79,2.67,1.49,-1.49,2.27,0.854,1.76,1.26,-1.26,1.26,0.953
"Malacoptila mystacalis",0.189,-0.353,-0.677,-1.23,1.23,-0.459,-0.0471,-0.0536,0.431,-0.431,1.33,0.687,-0.776,0.776,1.19,0.533,1.02,0.398,-0.398,2.08,2.54,1.13,-1.13,2.76,1.18,2.22,1.16,-1.16,-0.439,0.641
"Galbula ruficauda",-0.205,-0.0939,-0.378,-0.903,0.903,-0.396,-0.042,-0.0476,-0.677,0.677,0.579,0.278,-0.423,0.423,0.132,0.346,0.236,-0.11,0.11,0.817,1.07,0.699,-0.699,0.897,0.316,0.682,0.715,-0.715,1.08,-0.493
"Galbula tombacea",-0.205,-1.21,-1.19,0.0623,-0.0623,-0.996,-0.0521,-0.0663,0.186,-0.186,-1.38,-1.02,0.84,-0.84,-0.83,-1.18,-1.06,1.46,-1.46,-0.521,-0.229,0.243,-0.243,-0.415,-0.711,-0.624,0.437,-0.437,0.168,1.47
"Galbula albirostris",-0.232,-0.563,-0.612,-0.204,0.204,-0.742,-0.046,-0.0565,-1.2,1.2,1.08,1.67,1.14,-1.14,1.17,1.13,1.26,0.211,-0.211,1.01,1.03,0.461,-0.461,0.617,1.09,0.942,-0.0943,0.0943,1.45,0.564
"Aulacorhynchus prasinus",1.72,-0.506,-0.559,0.0127,-0.0127,-0.399,-0.0409,-0.0466,-0.522,0.522,-0.0308,0.827,1.77,-1.77,2.22,-0.26,1.38,1.62,-1.62,-0.385,0.212,0.896,-0.896,0.373,-0.217,0.0933,1.03,-1.03,-2.33,-1.32
"Aulacorhynchus haematopygus",2.21,0.258,-0.00828,-0.567,0.567,1.14,-0.0299,-0.0137,0.293,-0.293,1.32,1.57,0.602,-0.602,2.83,0.956,2.3,1.31,-1.31,0.925,1.29,0.856,-0.856,3.11,0.46,2.02,1.79,-1.79,0.136,0.432
"Andigena nigrirostris",3.98,0.997,0.95,-0.0316,0.0316,0.0221,-0.0316,-0.0313,-1.2,1.2,1.52,2.15,1.16,-1.16,4.92,1.47,3.92,1.67,-1.67,1.55,3,2.08,-2.08,6.06,1.27,4.14,2.02,-2.02,-1.81,-1.19
"Selenidera reinwardtii",1.68,-0.037,-0.0451,0.0157,-0.0157,-0.383,-0.0434,-0.0489,-0.401,0.401,1.52,1.3,-0.0866,0.0866,0.845,1.26,1.1,-0.193,0.193,0.959,1.51,1.09,-1.09,2.28,0.296,1.46,1.6,-1.6,0.385,0.615
"Ramphastos ambiguus",6.79,0.381,0.652,0.786,-0.786,1.15,-0.0367,-0.0204,0.936,-0.936,0.888,0.933,0.23,-0.23,1.87,1.94,2.07,0.157,-0.157,1.81,2.41,1.22,-1.22,3.94,1.77,3.21,1.27,-1.27,0.277,0.624
"Eubucco bourcierii",-0.00151,-0.821,-0.81,0.0487,-0.0487,-0.668,-0.0486,-0.0581,0.155,-0.155,0.624,0.807,0.444,-0.444,0.423,0.562,0.522,-0.0166,0.0166,0.407,0.792,0.772,-0.772,1.36,0.388,0.986,1.03,-1.03,-0.482,-0.833
"Picumnus pumilus",-0.409,-0.57,-1.12,-2.44,2.44,-0.729,-0.0445,-0.0549,-1.52,1.52,0.271,0.487,0.481,-0.481,0.596,0.227,0.495,0.558,-0.558,-0.406,0.429,1.36,-1.36,0.459,-0.629,-0.0815,1.59,-1.59,1.43,0.673
"Picumnus olivaceus",-0.395,-0.738,-0.796,-0.342,0.342,-0.429,-0.0484,-0.0545,0.965,-0.965,0.335,0.592,0.51,-0.51,0.859,0.0266,0.586,0.866,-0.866,0.497,0.564,0.364,-0.364,1.81,0.38,1.24,1.31,-1.31,-0.764,-1.12
"Campephilus haematogaster",2.54,-1.09,-1.27,-1.33,1.33,-0.897,-0.0505,-0.0633,-0.297,0.297,-1.03,-1.11,-0.672,0.672,-0.927,-0.848,-0.981,-0.558,0.558,-0.161,-0.252,-0.214,0.214,-0.633,-0.864,-0.831,0.198,-0.198,0.309,0.314
"Dryocopus lineatus",2.04,-0.375,-0.167,0.846,-0.846,0.265,-0.0463,-0.0425,1.6,-1.6,1.42,0.615,-0.982,0.982,0.423,2.02,1.14,-1.2,1.2,0.389,0.189,-0.0638,0.0638,-0.178,-0.0863,-0.149,-0.095,0.095,1.47,-0.813
"Colaptes punctigula",0.27,-0.146,-0.336,-0.621,0.621,-0.138,-0.0424,-0.0444,0.0213,-0.0213,1.82,1.9,0.363,-0.363,2.44,1.51,2.27,0.762,-0.762,1.62,1.96,0.949,-0.949,1.96,0.579,1.43,1.22,-1.22,1.47,-0.813
"Veniliornis nigriceps",-0.178,-0.431,-0.334,0.419,-0.419,-0.533,-0.0471,-0.0547,0.115,-0.115,1.35,1.97,1.15,-1.15,0.857,1.31,1.13,-0.221,0.221,1.63,2.45,1.43,-1.43,2.94,0.389,1.88,1.78,-1.78,-2.2,-1.29
"Veniliornis dignus",-0.0558,-1.29,-1.26,0.124,-0.124,-1.01,-0.0526,-0.0669,0.74,-0.74,-1.03,-1.12,-0.765,0.765,-1.13,-1.13,-1.24,-0.89,0.89,-1.47,-0.649,1.15,-1.15,-0.858,-1.3,-1.2,1.51,-1.51,-0.439,-0.859
"Picoides fumigatus",0.0121,-1.33,-1.28,0.346,-0.346,-1.08,-0.0524,-0.0677,-0.978,0.978,-1.14,-0.959,0.15,-0.15,-0.863,-1.01,-1,0.354,-0.354,-1.56,-0.518,2.01,-2.01,-0.813,-1.32,-1.18,2.02,-2.02,-1.68,-1.69
"Chloroceryle aenea",-0.355,-1.4,-1.42,-0.368,0.368,-1.08,-0.0527,-0.0681,-0.462,0.462,-1.49,-1.3,0.0604,-0.0604,-1.04,-1.26,-1.23,1.09,-1.09,-0.977,-0.631,0.0234,-0.0234,-0.522,-0.999,-0.841,1,-1,1.45,0.595
"Chloroceryle americana",-0.124,-1.25,-1.22,0.0592,-0.0592,-1.04,-0.0525,-0.0672,-0.648,0.648,-1.31,-0.86,1.21,-1.21,-0.93,-1.15,-1.11,0.814,-0.814,-1.11,-0.348,1.06,-1.06,-0.646,-1.05,-0.937,0.759,-0.759,1.45,0.595
"Momotus aequatorialis",1.55,0.633,0.465,-0.364,0.364,0.239,-0.0313,-0.0278,-0.844,0.844,2,1.86,0.1,-0.1,2.48,2.18,2.59,0.378,-0.378,2.64,2.25,0.464,-0.464,1.58,1.31,1.61,0.466,-0.466,-0.0774,0.514
"Momotus momota",0.976,0.456,0.226,-0.577,0.577,0.148,-0.0343,-0.0322,-0.679,0.679,2.04,2.13,0.395,-0.395,2.12,3.3,2.82,-0.381,0.381,2.15,1.89,0.32,-0.32,1.96,1.57,1.97,0.309,-0.309,0.993,0.066
"Aegolius harrisii",1.1,-0.689,-0.359,1.62,-1.62,-0.0833,-0.0492,-0.0504,1.99,-1.99,0.438,0.861,0.894,-0.894,1.61,-0.22,0.986,1.84,-1.84,0.392,1.4,1.66,-1.66,0.841,-0.537,0.186,1.75,-1.75,-1.63,-1.43
"Glaucidium jardinii",0.256,-0.52,-0.388,0.441,-0.441,-0.273,-0.0481,-0.052,0.857,-0.857,-0.0663,-0.091,-0.334,0.334,0.336,0.0563,0.249,0.312,-0.312,1.06,1.7,1.22,-1.22,1.36,0.355,0.965,1.06,-1.06,-2.17,-1.32
"Glaucidium brasilianum",0.487,-0.709,-0.803,-0.468,0.468,-0.392,-0.0483,-0.0539,1.02,-1.02,1.66,0.754,-1.03,1.03,0.938,2.95,1.88,-1.15,1.15,0.311,0.836,0.952,-0.952,0.204,0.288,0.273,0.0762,-0.0762,1.38,-1.12
"Strix virgata",2.75,0.315,0.935,1.78,-1.78,-0.16,-0.0469,-0.0492,1.08,-1.08,2.83,2.26,-0.294,0.294,2.73,3.48,3.3,-0.137,0.137,3.16,4.07,1.53,-1.53,3.39,1.6,2.8,1.18,-1.18,-0.0268,1.07
"Megascops choliba",1.25,0.876,1.14,0.663,-0.663,0.958,-0.0374,-0.0237,0.829,-0.829,1.64,1.77,0.429,-0.429,3.24,1.34,2.73,1.23,-1.23,2.16,3.1,1.56,-1.56,0.793,0.648,0.803,0.38,-0.38,-1.07,-1.36
"Pseudoscops clamator",5.23,1.15,1.16,0.0969,-0.0969,2.08,-0.0413,-0.0117,2.15,-2.15,3.02,2.33,-0.39,0.39,1.8,3.2,2.57,-0.568,0.568,1.44,1.59,0.725,-0.725,2.94,0.958,2.2,1.38,-1.38,0.624,-0.921
"Crotophaga major",1.44,-0.181,-0.746,-1.94,1.94,-0.0785,-0.0377,-0.0388,-0.672,0.672,1.02,0.122,-1.32,1.32,1.33,2.33,1.88,-0.464,0.464,1.19,0.442,-0.402,0.402,0.889,2.21,1.71,-0.475,0.475,1.24,-1.25
"Crotophaga ani",0.759,-0.541,-0.908,-1.83,1.83,-0.386,5.55,5.54,-1.75,1.75,0.972,0.284,-1.12,1.12,0.565,1.76,1.12,-0.806,0.806,0.879,0.308,-0.326,0.326,1.06,1.75,1.56,0.101,-0.101,0.248,0.761
"Columbina minuta",-0.083,-0.615,-0.466,0.7,-0.7,-0.683,-0.05,-0.0597,0.751,-0.751,0.578,0.44,-0.155,0.155,-0.0227,-0.377,-0.175,0.673,-0.673,-0.406,-0.328,-0.104,0.104,-0.0277,-0.215,-0.133,0.321,-0.321,1.47,-0.813
"Claravis pretiosa",0.338,-0.5,-0.535,-0.133,0.133,-0.398,-0.0461,-0.0517,0.229,-0.229,1.21,0.676,-0.644,0.644,0.118,0.299,0.206,-0.128,0.128,-0.00203,-0.626,-0.999,0.999,-0.0846,0.532,0.241,-0.532,0.532,0.646,0.75
"Leptotila verreauxi",1.26,-0.503,-0.684,-0.76,0.76,-0.633,-0.0439,-0.0529,-1.21,1.21,1.44,1.01,-0.41,0.41,-0.014,1.07,0.444,-1.13,1.13,0.944,0.448,-0.17,0.17,0.796,2.14,1.62,-0.483,0.483,1.47,-0.813
"Leptotila pallida",1.78,1.26,1.31,0.164,-0.164,0.568,-0.0355,-0.0274,0.142,-0.142,0.873,-0.134,-1.57,1.57,0.255,1.07,0.625,-0.724,0.724,-0.3,-1.03,-1.52,1.52,-0.874,0.362,-0.3,-2.11,2.11,0.429,-0.809
"Leptotila rufaxilla",1.4,0.324,0.387,0.232,-0.232,-0.109,-0.0407,-0.0422,-0.269,0.269,1.5,1.37,0.114,-0.114,0.615,1.27,0.949,-0.393,0.393,0.507,0.07,-0.296,0.296,-0.00631,0.622,0.335,-0.514,0.514,0.776,1.29
"Geotrygon montana",1.02,0.324,0.265,-0.129,0.129,-0.0936,-0.0389,-0.0402,-0.523,0.523,0.706,0.871,0.402,-0.402,0.42,0.372,0.439,0.195,-0.195,0.155,-0.764,-1.33,1.33,-0.685,0.501,-0.117,-1.65,1.65,1.44,0.634
"Geotrygon saphirina",1.56,2.46,2.61,0.304,-0.304,1.16,-0.0164,1.33e-05,-0.846,0.846,1.45,1.32,0.0418,-0.0418,0.84,0.948,0.965,0.0658,-0.0658,0.868,-0.532,-1.32,1.32,-0.426,2.42,1.08,-1.83,1.83,0.277,-0.427
"Nyctibius griseus",2.25,0.791,1.09,0.75,-0.75,1.2,-0.0394,-0.0223,1.33,-1.33,2.99,2.35,-0.345,0.345,2.87,2.73,3.08,0.287,-0.287,1.04,1.34,0.808,-0.808,2.11,0.332,1.38,1.5,-1.5,-0.287,-1.16
"Caprimulgus maculicaudus",-0.124,0.113,0.12,0.0707,-0.0707,0.385,-0.0469,-0.0414,1.9,-1.9,0.215,-0.712,-1.9,1.9,0.000198,0.0123,0.00537,0.0716,-0.0716,1.75,1.96,0.838,-0.838,4.08,0.376,2.53,2.12,-2.12,1.14,0.258
"Caprimulgus longirostris",-0.0151,0.00426,0.113,0.393,-0.393,0.465,-0.0469,-0.0403,1.99,-1.99,2.32,1.37,-0.863,0.863,2.78,1.92,2.68,0.678,-0.678,1.17,1.25,0.587,-0.587,1.18,0.661,1.03,0.681,-0.681,-0.829,-0.12
"Nyctidromus albicollis",0.121,0.0952,0.372,0.844,-0.844,0.242,-0.0438,-0.0403,1.07,-1.07,1.32,1.27,0.13,-0.13,1.45,0.35,1.12,1.21,-1.21,1.88,2.05,0.824,-0.824,2.42,0.922,1.88,1.2,-1.2,1.05,-0.868
"Chordeiles pusillus",-0.151,-0.362,-0.336,0.115,-0.115,-0.172,-0.0448,-0.0473,0.612,-0.612,1.57,0.929,-0.678,0.678,0.393,-0.181,0.186,1.38,-1.38,0.872,0.757,0.258,-0.258,1.21,0.934,1.2,0.499,-0.499,1.45,0.58
"Phaethornis anthophilus",-0.463,-0.739,-0.881,-0.69,0.69,-0.737,-0.0488,-0.0593,-0.0903,0.0903,-0.418,-0.656,-0.802,0.802,-0.384,0.00916,-0.253,-0.825,0.825,-0.667,-0.751,-0.68,0.68,-0.474,-0.553,-0.571,-0.0304,0.0304,1.19,-1.06
"Phaethornis griseogularis",-0.49,-0.841,-0.948,-0.614,0.614,-0.808,-0.0494,-0.0609,-0.0893,0.0893,-0.978,-0.98,-0.446,0.446,-0.627,-0.697,-0.716,-0.195,0.195,-0.0938,-0.44,-0.66,0.66,-0.214,-0.114,-0.184,-0.177,0.177,0.125,0.846
"Phaethornis striigularis",-0.49,-0.6,-0.428,0.8,-0.8,-0.602,-0.0502,-0.0587,1.2,-1.2,-0.234,-0.305,-0.265,0.265,-0.158,-0.176,-0.181,0.0937,-0.0937,-0.314,-0.983,-1.43,1.43,-0.308,-0.318,-0.348,-0.0371,0.0371,-0.0051,1.29
"Phaethornis rupurumii",-0.49,-0.746,-0.627,0.613,-0.613,-0.705,-0.0494,-0.0594,0.352,-0.352,-0.819,-0.98,-0.807,0.807,-0.567,-0.353,-0.529,-0.51,0.51,-0.486,-0.865,-1.13,1.13,-0.373,-0.16,-0.3,-0.335,0.335,1.43,0.673
"Phaethornis hispidus",-0.463,-0.39,-0.489,-0.372,0.372,-0.426,-0.0454,-0.0514,-0.0612,0.0612,-0.477,-1.17,-2.03,2.03,-0.57,-0.232,-0.48,-0.758,0.758,-0.535,-0.368,-0.0214,0.0214,-0.34,-0.547,-0.492,0.272,-0.272,0.147,2.71
"Phaethornis syrmatophorus",-0.45,-0.615,-0.544,0.426,-0.426,-0.593,-0.0478,-0.0563,0.13,-0.13,-0.845,-0.869,-0.471,0.471,-0.632,-0.601,-0.678,-0.194,0.194,-0.0475,-0.531,-0.861,0.861,-0.215,0.00271,-0.121,-0.381,0.381,-0.482,0.413
"Phaethornis guy",-0.463,-0.843,-0.948,-0.593,0.593,-0.691,-0.0471,-0.0569,-0.58,0.58,-1.03,-0.817,0.31,-0.31,-0.735,-0.88,-0.866,0.348,-0.348,-0.644,-0.845,-0.906,0.906,-0.651,-0.543,-0.666,-0.593,0.593,-0.482,-0.833
"Phaethornis malaris",-0.45,-0.356,-0.237,0.493,-0.493,-0.0924,-0.0481,-0.0494,1.6,-1.6,-0.618,-1.1,-1.61,1.61,-0.606,-0.116,-0.455,-1.07,1.07,-0.0693,-0.646,-0.986,0.986,-0.227,0.139,-0.0537,-0.425,0.425,1.43,0.673
"Eutoxeres aquila",-0.382,-0.0254,-0.192,-0.68,0.68,-0.12,-0.0411,-0.0428,-1.06,1.06,-1.06,-1.25,-1.38,1.38,-0.843,-0.666,-0.847,-0.772,0.772,-0.804,-1.14,-1.58,1.58,-0.709,-0.563,-0.71,-1.33,1.33,0.44,-0.112
"Androdon aequatorialis",-0.422,0.254,-0.201,-1.24,1.24,0.221,-0.0353,-0.0322,-0.409,0.409,-1.23,-1.21,-0.495,0.495,-0.717,-0.824,-0.83,0.212,-0.212,-0.359,-0.255,-0.0211,0.0211,0.188,-0.204,-0.00483,0.612,-0.612,0.711,0.252
"Heliodoxa aurescens",-0.45,-0.777,-0.78,0.00304,-0.00304,-0.702,-0.0493,-0.0593,0.376,-0.376,-0.81,-0.63,0.257,-0.257,-0.681,-0.83,-0.808,0.328,-0.328,-0.445,0.0373,0.666,-0.666,-0.206,-0.542,-0.412,0.552,-0.552,0.331,0.62
"Heliodoxa jacula",-0.422,-0.973,-0.802,1.08,-1.08,-0.753,-0.0513,-0.062,1.44,-1.44,-0.886,-0.529,0.795,-0.795,-0.565,-0.844,-0.737,0.677,-0.677,-0.141,0.296,0.501,-0.501,0.299,-0.455,-0.0776,1.07,-1.07,-0.0051,1.29
"Heliodoxa leadbeateri",-0.45,-1.3,-1.25,0.223,-0.223,-1.02,-0.0526,-0.0671,0.586,-0.586,-1.92,-1.71,-0.0284,0.0284,-1.17,-1.31,-1.34,0.477,-0.477,-1.32,-0.741,0.404,-0.404,-0.817,-1.16,-1.1,0.622,-0.622,0.147,2.71
"Heliodoxa schreibersii",-0.0694,-1.24,-1.22,0.0446,-0.0446,-0.964,-0.0521,-0.0658,0.583,-0.583,-1.17,-0.805,0.749,-0.749,-0.763,-1.08,-0.971,1.08,-1.08,-0.682,0.0264,1.04,-1.04,-0.251,-0.792,-0.574,0.954,-0.954,0.277,0.624
"Coeligena helianthea",-0.436,-0.759,-0.482,1.43,-1.43,-0.733,-0.052,-0.0624,2.02,-2.02,-0.682,-0.573,0.0603,-0.0603,-0.47,-0.604,-0.571,0.298,-0.298,-0.211,-0.402,-0.45,0.45,-0.452,-0.325,-0.434,-0.353,0.353,-1.63,-1.43
"Coeligena bonapartei",-0.45,-0.561,-0.371,0.904,-0.904,-0.476,-0.0496,-0.0564,1.41,-1.41,-0.44,-0.159,0.643,-0.643,-0.405,-0.657,-0.55,0.692,-0.692,0.268,0.319,0.237,-0.237,0.297,-0.14,0.0919,0.675,-0.675,-1.83,-1.49
"Coeligena prunellei",-0.436,-0.746,-0.653,0.509,-0.509,-0.651,-0.0487,-0.058,0.29,-0.29,-0.483,-0.716,-0.815,0.815,-0.527,-0.293,-0.477,-0.54,0.54,0.199,0.261,0.195,-0.195,0.173,0.0235,0.111,0.303,-0.303,-0.678,0.166
"Coeligena coeligena",-0.45,-0.677,-0.432,1.19,-1.19,-0.721,-0.0503,-0.0605,0.696,-0.696,-0.324,-0.336,-0.232,0.232,-0.391,-0.336,-0.404,-0.172,0.172,0.259,0.124,-0.00853,0.00853,0.186,0.268,0.252,0.1,-0.1,-0.558,0.679
"Adelomyia melanogenys",-0.463,-0.464,-0.286,0.877,-0.877,-0.431,-0.0487,-0.0548,0.956,-0.956,-0.663,-0.373,0.568,-0.568,-0.498,-0.812,-0.678,0.778,-0.778,0.442,0.14,-0.206,0.206,0.298,0.269,0.316,0.216,-0.216,0.147,2.71
"Aglaiocercus kingi",-0.463,-0.629,-0.56,0.358,-0.358,-0.601,-0.0484,-0.0569,0.316,-0.316,-0.656,-0.45,0.335,-0.335,-0.5,-0.652,-0.611,0.346,-0.346,0.06,0.254,0.349,-0.349,0.128,-0.502,-0.201,1.1,-1.1,-1.21,0.154
"Amazilia cyanifrons",-0.463,-0.888,-0.792,0.433,-0.433,-0.781,-0.0507,-0.0617,0.415,-0.415,-0.519,-0.345,0.317,-0.317,-0.389,-0.594,-0.513,0.475,-0.475,-0.42,-0.379,-0.174,0.174,-0.279,-0.383,-0.368,0.151,-0.151,-1.07,-1.36
"Amazilia tzacatl",-0.463,-1.18,-1.14,0.171,-0.171,-0.862,-0.0526,-0.0648,2.03,-2.03,-0.913,-0.966,-0.555,0.555,-0.696,-0.697,-0.762,-0.109,0.109,-0.592,-0.396,-0.00483,0.00483,-0.27,-0.446,-0.396,0.241,-0.241,1.38,-1.12
"Amazilia franciae",-0.463,-1.2,-1.2,-0.0408,0.0408,-0.963,-0.0514,-0.0651,-0.13,0.13,-1.38,-1.39,-0.926,0.926,-0.973,-0.991,-1.07,-0.509,0.509,-0.938,-0.757,-0.401,0.401,-0.489,-0.596,-0.603,0.0397,-0.0397,-0.0051,1.29
"Amazilia versicolor",-0.49,-1.54,-1.55,-0.318,0.318,-1.1,-0.0532,-0.0688,0.132,-0.132,-2.22,-2.04,-0.895,0.895,-1.26,-1.33,-1.41,-1.2,1.2,-1.85,-1.05,0.799,-0.799,-0.985,-1.33,-1.28,0.59,-0.59,1.45,0.58
"Amazilia amabilis",-0.477,-0.976,-0.971,-0.0015,0.0015,-0.836,-0.051,-0.0629,0.619,-0.619,-0.865,-0.991,-0.762,0.762,-0.645,-0.665,-0.714,-0.0272,0.0272,-0.857,-0.501,0.151,-0.151,-0.373,-0.693,-0.59,0.496,-0.496,1.27,-1.2
"Amazilia viridigaster",-0.477,-0.662,-0.653,-0.0198,0.0198,-0.625,-0.0488,-0.0577,0.47,-0.47,-0.804,-0.799,-0.325,0.325,-0.656,-0.751,-0.757,0.0663,-0.0663,-0.411,-0.482,-0.396,0.396,-0.228,-0.483,-0.393,0.39,-0.39,-0.0268,1.07
