"In_Tree","Mass","FL","DL","PL","PDL","PPL","AD","AP","AT","PAD","PAP","Temperature","Rainfall"
"Colinus cristatus",1.34,0.207,0.517,-0.11,0.916,-0.916,0.00392,-0.0299,-0.0299,0.505,-0.505,1.47,-0.813
"Oxyura jamaicensis",9.28,0.17,-0.186,0.449,-0.618,0.618,-0.102,-0.0217,-0.0235,-0.694,0.694,-1.05,0.421
"Aratinga wagleri",2.07,0.829,0.0848,1.32,-0.921,0.921,0.709,-0.00442,0.00812,-0.634,0.634,0.429,-0.809
"Pyrrhura calliptera",0.633,0.384,0.183,0.482,-0.146,0.146,0.0884,-0.0114,-0.0098,-1.1,1.1,-1.37,-0.878
"Forpus conspicillatus",-0.215,-0.597,-0.639,-0.436,-0.459,0.459,-0.495,-0.033,-0.0417,-0.878,0.878,-1.07,-1.36
"Brotogeris jugularis",0.235,-0.131,-0.383,0.12,-0.607,0.607,-0.251,-0.0244,-0.0289,-0.838,0.838,1.47,-0.813
"Pyrilia pulchra",1.11,1.49,0.404,2.14,-1.05,1.05,1.43,0.0227,0.0479,-0.976,0.976,0.494,-0.0873
"Pyrilia pyrilia",1.06,-0.243,-0.567,0.0942,-0.862,0.862,-0.659,-0.0325,-0.0441,-1.19,1.19,-0.135,0.917
"Hapalopsittaca amazonina",1.03,0.178,-0.0486,0.342,-0.3,0.3,-0.0821,-0.0219,-0.0233,-0.648,0.648,-2.33,-1.32
"Amazona farinosa",8.27,-0.834,-0.922,-0.584,-0.757,0.757,-0.742,-0.0351,-0.0482,-1.16,1.16,1.14,-1.06
"Pionus menstruus",2.37,0.267,-0.175,0.603,-0.721,0.721,0.271,-0.0169,-0.0121,-0.442,0.442,0.559,-1.35
"Tityra semifasciata",0.54,1.67,1.42,1.55,0.127,-0.127,2.27,0.00198,0.0422,0.285,-0.285,0.277,-0.427
"Pachyramphus cinnamomeus",-0.268,-0.456,-0.498,-0.324,-0.19,0.19,-0.623,-0.0333,-0.0443,-0.8,0.8,0.255,2.44
"Pachyramphus albogriseus",-0.215,0.598,0.517,0.547,0.16,-0.16,0.111,-0.0271,-0.0252,0.3,-0.3,-0.526,1.69
"Pachyramphus polychopterus",-0.282,-0.583,-0.685,-0.372,-0.525,0.525,-0.676,-0.0349,-0.0468,-0.871,0.871,1.17,0.175
"Pachyramphus versicolor",-0.348,-1.28,-1.02,-1.24,0.772,-0.772,-0.859,-0.0403,-0.0555,0.748,-0.748,-2.15,-1.34
"Schiffornis turdina",-0.0885,0.497,0.52,0.374,0.265,-0.265,0.322,-0.0231,-0.0174,0.16,-0.16,0.99,0.138
"Myiobius villosus",-0.348,0.913,1.06,0.591,0.639,-0.639,1.13,-0.0155,0.00444,0.417,-0.417,-0.287,0.703
"Myiobius atricaudus",-0.388,-0.289,-0.094,-0.401,0.326,-0.326,0.197,-0.03,-0.0265,-0.0799,0.0799,0.51,0.496
"Myiobius barbatus",-0.375,1.45,1.57,1.04,0.605,-0.605,1.33,-0.016,0.0075,0.624,-0.624,0.277,-0.427
"Terenotriccus erythrurus",-0.441,0.981,1.16,0.622,0.617,-0.617,0.737,-0.0193,-0.00627,0.219,-0.219,0.906,0.458
"Myiopagis viridicata",-0.361,-0.148,-0.18,-0.0893,0.0156,-0.0156,-0.521,-0.0352,-0.0444,0.205,-0.205,0.32,0.569
"Elaenia flavogaster",-0.229,0.826,1.16,0.357,0.931,-0.931,0.456,-0.026,-0.018,0.664,-0.664,0.429,-0.809
"Camptostoma obsoletum",-0.428,1.08,1.49,0.487,1.04,-1.04,1.38,-0.0275,-0.00311,1.62,-1.62,0.429,-0.809
"Phyllomyias cinereiceps",-0.401,1.01,1.46,0.397,1.11,-1.11,0.869,-0.0148,0.000588,0.138,-0.138,-0.678,0.469
"Zimmerius chrysops",-0.414,1.93,2.63,0.917,1.33,-1.33,2.47,-0.0149,0.0287,1.2,-1.2,-0.721,-0.348
"Myiozetetes cayanensis",-0.189,1.17,0.688,1.35,-0.325,0.325,0.272,-0.00812,-0.0033,-0.991,0.991,0.429,-0.809
"Tyrannus melancholicus",-0.0033,2.11,2.04,1.74,0.418,-0.418,1.3,-0.00344,0.0196,-0.123,0.123,-0.439,-0.859
"Pitangus sulphuratus",0.222,1.5,1.03,1.61,-0.199,0.199,0.646,-0.00517,0.00626,-0.697,0.697,0.429,-0.809
"Myiarchus venezuelensis",-0.215,-0.892,-0.746,-0.837,0.263,-0.263,-0.774,-0.0375,-0.0512,-0.582,0.582,1.36,-1.22
"Myiarchus crinitus",-0.136,-0.407,-0.449,-0.286,-0.155,0.155,-0.613,-0.0324,-0.0432,-0.946,0.946,1.45,-1.47
"Myiarchus tyrannulus",-0.149,-0.914,-0.794,-0.831,0.127,-0.127,-0.729,-0.0387,-0.0516,0.442,-0.442,1.22,-0.494
"Myiarchus tuberculifer",-0.282,-0.549,-0.538,-0.444,0.125,-0.125,-0.397,-0.03,-0.037,-0.432,0.432,0.154,1.65
"Myiarchus cephalotes",-0.176,-0.156,-0.0919,-0.181,0.313,-0.313,-0.56,-0.0322,-0.0421,-0.483,0.483,-0.179,1.63
"Myiarchus ferox",-0.215,0.241,0.589,-0.116,0.993,-0.993,0.193,-0.0312,-0.0278,1.01,-1.01,1.45,0.58
"Myiarchus apicalis",-0.189,-0.828,-0.574,-0.882,0.774,-0.774,-0.691,-0.0376,-0.0498,0.2,-0.2,0.819,-1.16
"Attila spadiceus",-0.0696,0.466,0.586,0.263,0.45,-0.45,0.381,-0.0228,-0.0161,0.139,-0.139,-0.0846,-0.745
"Ochthoeca cinnamomeiventris",0.222,0.213,0.463,-0.0526,0.582,-0.582,0.207,-0.0286,-0.0249,0.262,-0.262,-1.33,-1.07
"Ochthoeca fumicolor",-0.335,-0.992,-0.677,-1.07,1.1,-1.1,-0.806,-0.0397,-0.054,0.709,-0.709,-2.41,-1.2
"Ochthoeca rufipectoralis",-0.388,-0.94,-0.713,-0.947,0.639,-0.639,-0.863,-0.0393,-0.0546,-0.661,0.661,-1.65,-1.1
"Ochthoeca diadema",-0.388,0.828,1.1,0.416,0.731,-0.731,0.745,-0.0219,-0.00873,0.56,-0.56,-0.957,0.222
"Myiophobus pulcher",-0.414,0.419,0.598,0.174,0.491,-0.491,0.281,-0.0258,-0.0209,0.153,-0.153,-0.902,-0.00303
"Myiophobus flavicans",-0.375,2.21,2.98,1.07,1.37,-1.37,2.04,-0.00492,0.0312,0.462,-0.462,-0.721,-0.348
"Ochthoeca frontalis",-0.401,-0.231,-0.17,-0.236,0.237,-0.237,-0.497,-0.0333,-0.0421,-0.178,0.178,-2.04,-1.27
"Pyrocephalus rubinus",-0.348,0.506,0.519,0.39,0.298,-0.298,-0.0195,-0.0249,-0.0253,-0.261,0.261,0.429,-0.809
"Sayornis nigricans",-0.295,1.87,0.824,2.41,-0.813,0.813,0.975,0.00436,0.0216,-0.751,0.751,0.32,-0.789
"Contopus sordidulus",-0.361,-1.06,-0.809,-1.06,0.745,-0.745,-0.819,-0.0396,-0.054,0.349,-0.349,0.385,0.615
"Contopus cinereus",-0.375,-0.444,-0.288,-0.49,0.464,-0.464,-0.627,-0.0348,-0.0458,-0.453,0.453,1.14,-1.06
"Contopus virens",-0.348,-0.93,-0.64,-0.994,0.932,-0.932,-0.74,-0.039,-0.0521,0.759,-0.759,1.21,-1.13
"Contopus cooperi",-0.109,-0.707,-0.542,-0.707,0.426,-0.426,-0.681,-0.0379,-0.0499,0.412,-0.412,1.34,-0.82
"Contopus fumigatus",-0.242,-0.851,-0.682,-0.824,0.386,-0.386,-0.747,-0.0385,-0.0517,0.267,-0.267,-1.98,-1.38
"Empidonax virescens",-0.375,1.03,0.892,0.94,0.164,-0.164,1.02,-0.0139,0.00415,0.222,-0.222,0.277,-0.427
"Myiotriccus ornatus",-0.401,0.972,0.989,0.756,0.387,-0.387,0.964,-0.014,0.00306,0.113,-0.113,-0.469,0.243
"Pyrrhomyias cinnamomeus",-0.401,1.23,2.11,0.193,1.72,-1.72,2.11,-0.0332,0.00414,2.5,-2.5,-0.439,-0.859
"Platyrinchus coronatus",-0.414,1.34,1.16,1.22,0.167,-0.167,0.258,-0.0163,-0.0117,-0.975,0.975,0.906,0.458
"Platyrinchus mystaceus",-0.388,0.667,0.461,0.711,-0.0497,0.0497,1.2,-0.0151,0.0061,0.463,-0.463,-0.656,0.411
"Pseudotriccus pelzelni",-0.388,0.761,0.594,0.752,0.0808,-0.0808,0.483,-0.0168,-0.00823,-0.0887,0.0887,-0.64,0.781
"Pseudotriccus ruficeps",-0.388,-0.62,-0.397,-0.689,0.66,-0.66,-0.608,-0.0375,-0.0482,0.638,-0.638,-1.4,0.4
"Mionectes olivaceus",-0.348,0.56,0.489,0.506,0.0551,-0.0551,0.652,-0.0196,-0.00802,0.332,-0.332,-0.338,-0.236
"Mionectes striaticollis",-0.348,0.897,1.12,0.51,0.779,-0.779,0.778,-0.0205,-0.00675,0.585,-0.585,-0.594,-0.179
"Mionectes oleagineus",-0.401,-0.0138,-0.264,0.21,-0.514,0.514,-0.409,-0.0294,-0.0367,-0.639,0.639,1.16,0.031
"Leptopogon rufipectus",-0.361,-0.964,-0.766,-0.94,0.485,-0.485,-0.768,-0.0395,-0.0531,0.873,-0.873,-1.63,-1.43
"Leptopogon amaurocephalus",-0.375,0.428,0.137,0.597,-0.368,0.368,-0.00652,-0.0261,-0.0262,-0.191,0.191,1.26,0.0272
"Leptopogon superciliaris",-0.361,-0.381,-0.292,-0.381,0.27,-0.27,-0.449,-0.0313,-0.0392,-0.193,0.193,0.112,1.51
"Rhynchocyclus pacificus",-0.202,1.84,1.4,1.85,-0.071,0.071,1.54,0.00508,0.0323,-0.313,0.313,0.277,-0.427
"Rhynchocyclus brevirostris",-0.215,2.03,1.87,1.75,0.305,-0.305,2.5,0.0139,0.058,-0.0356,0.0356,-0.439,0.263
"Rhynchocyclus olivaceus",-0.242,1.28,1.07,1.2,0.11,-0.11,1.29,-0.00652,0.0162,-0.000298,0.000298,0.906,0.458
"Hemitriccus granadensis",-0.441,2.23,2.65,1.39,0.982,-0.982,3.07,0.00186,0.0562,0.681,-0.681,-0.678,0.469
"Todirostrum cinereum",-0.441,0.907,0.917,0.711,0.383,-0.383,-0.0719,-0.0241,-0.0254,-0.403,0.403,0.429,-0.809
"Piprites chloris",-0.282,1.81,2.05,1.23,0.769,-0.769,1.75,-0.00475,0.0263,0.273,-0.273,0.906,0.458
"Snowornis subalaris",0.196,0.56,0.9,0.144,0.951,-0.951,0.724,-0.0259,-0.0131,0.942,-0.942,0.277,0.624
"Snowornis cryptolophus",0.567,1.53,1.84,0.928,0.862,-0.862,2.13,-0.0156,0.0222,0.981,-0.981,-0.584,0.361
"Lipaugus fuscocinereus",1.35,-0.522,-0.183,-0.714,1.07,-1.07,-0.519,-0.0367,-0.0458,0.695,-0.695,-1.81,-1.19
"Rupicola peruvianus",2.52,2.41,1.36,2.85,-0.61,0.61,2.38,0.0194,0.0614,-0.215,0.215,-0.439,0.263
"Pipreola arcuata",0.832,1.12,1.53,0.518,1.05,-1.05,0.447,-0.0266,-0.0187,0.723,-0.723,-2.07,-1.03
"Pipreola aureopectus",0.0232,0.13,0.27,-0.0206,0.485,-0.485,-0.107,-0.03,-0.0319,0.305,-0.305,-0.0268,1.07
"Pipreola riefferii",0.116,1.53,1.85,0.924,0.889,-0.889,1.5,-0.0161,0.0105,0.833,-0.833,-0.873,-0.837
"Pipra pipra",-0.401,1.57,1.74,1.09,0.688,-0.688,1.56,-0.00914,0.0184,0.213,-0.213,0.277,-0.427
"Machaeropterus deliciosus",-0.361,0.71,0.787,0.495,0.484,-0.484,0.822,-0.02,-0.00544,0.483,-0.483,0.223,-0.452
"Pipra erythrocephala",-0.361,0.34,0.539,0.0927,0.522,-0.522,0.375,-0.0268,-0.0202,0.562,-0.562,0.996,0.703
"Pipra filicauda",-0.348,-0.967,-0.812,-0.905,0.264,-0.264,-0.804,-0.0385,-0.0527,-0.375,0.375,0.147,2.71
"Manacus manacus",-0.322,-0.037,-0.165,0.0837,-0.276,0.276,-0.269,-0.0304,-0.0352,-0.254,0.254,1.01,-0.148
"Lepidothrix isidorei",-0.441,-1.24,-1.05,-1.15,0.298,-0.298,-0.83,-0.0398,-0.0545,0.504,-0.504,0.277,0.624
"Lepidothrix coronata",-0.414,-0.739,-0.59,-0.718,0.449,-0.449,-0.613,-0.0365,-0.0473,0.303,-0.303,0.825,2.32
"Heterocercus flavivertex",-0.268,-1.04,-0.98,-0.885,-0.308,0.308,-0.83,-0.0391,-0.0538,-0.312,0.312,1.45,0.58
"Xenopipo atronitens",-0.348,-0.685,-0.492,-0.714,0.476,-0.476,-0.562,-0.0368,-0.0467,0.743,-0.743,1.45,0.58
"Xenopipo holochlora",-0.322,0.339,0.392,0.223,0.42,-0.42,0.0679,-0.0277,-0.0265,0.131,-0.131,0.268,1.24
"Xenopipo flavicapilla",-0.308,0.832,0.981,0.528,0.412,-0.412,0.996,-0.0227,-0.00512,0.494,-0.494,-0.602,-0.591
"Masius chrysopterus",-0.375,0.718,0.775,0.519,0.462,-0.462,0.635,-0.0184,-0.00721,0.136,-0.136,-0.486,0.582
"Corapipo leucorrhoa",-0.414,-1.07,-0.922,-0.976,0.142,-0.142,-0.825,-0.0383,-0.0529,-0.763,0.763,-0.0268,1.07
"Chiroxiphia lanceolata",-0.295,-0.613,-0.557,-0.535,0.0302,-0.0302,-0.525,-0.0362,-0.0454,0.333,-0.333,1.14,-1.06
"Dysithamnus puncticeps",-0.308,1.25,0.875,1.32,-0.129,0.129,1.33,-0.00502,0.0186,0.252,-0.252,0.277,-0.427
"Dysithamnus occidentalis",-0.308,1.53,2.53,0.324,1.81,-1.81,2.42,-0.0168,0.026,1.32,-1.32,-0.678,0.469
"Dysithamnus leucostictus",-0.268,0.224,0.637,-0.187,1.14,-1.14,0.071,-0.0282,-0.027,0.393,-0.393,0.147,2.71
"Dysithamnus mentalis",-0.335,1.08,1.12,0.824,0.504,-0.504,1.17,-0.00986,0.0108,0.108,-0.108,0.0202,0.586
"Sakesphorus melanonotus",-0.242,-0.812,-0.713,-0.732,0.104,-0.104,-0.719,-0.0352,-0.0479,-0.789,0.789,1.14,-1.06
"Thamnophilus amazonicus",-0.308,-1.14,-1.12,-0.927,-0.712,0.712,-0.823,-0.0379,-0.0524,-0.981,0.981,1.45,0.564
"Thamnophilus punctatus",-0.282,-1,-0.805,-0.966,0.459,-0.459,-0.75,-0.0386,-0.0519,0.322,-0.322,1.14,-1.06
"Thamnophilus unicolor",-0.229,-0.353,-0.0551,-0.543,0.703,-0.703,-0.1,-0.0331,-0.0349,0.344,-0.344,-0.521,0.425
"Thamnophilus aethiops",-0.215,0.178,0.453,-0.102,0.828,-0.828,-0.153,-0.0279,-0.0305,-0.129,0.129,1.45,0.564
"Thamnophilus nigrocinereus",-0.176,-0.415,-0.47,-0.281,-0.00021,0.00021,-0.362,-0.0316,-0.038,0.156,-0.156,1.45,0.595
"Thamnophilus nigriceps",-0.229,-0.985,-0.821,-0.926,0.183,-0.183,-0.773,-0.0384,-0.052,-0.243,0.243,1.14,-1.06
"Thamnophilus murinus",-0.322,0.11,0.0293,0.158,0.00433,-0.00433,-0.0573,-0.0277,-0.0287,0.0557,-0.0557,0.385,0.615
"Thamnophilus atrinucha",-0.255,-0.331,-0.398,-0.203,-0.0163,0.0163,-0.509,-0.0308,-0.0398,-0.499,0.499,0.928,-0.177
"Thamnophilus multistriatus",-0.189,-0.00126,0.111,-0.101,0.195,-0.195,0.143,-0.0259,-0.0233,0.0788,-0.0788,0.147,-0.744
"Thamnophilus tenuepunctatus",-0.189,-0.933,-0.754,-0.898,0.388,-0.388,-0.745,-0.0384,-0.0516,0.224,-0.224,0.168,1.47
"Sakesphorus canadensis",-0.202,-0.292,-0.132,-0.373,0.543,-0.543,-0.316,-0.0321,-0.0377,0.142,-0.142,1.47,-0.813
"Taraba major",0.302,1.01,0.972,0.831,0.324,-0.324,0.927,-0.00887,0.00752,-0.173,0.173,0.277,-0.427
"Thamnomanes caesius",-0.322,-0.3,-0.0655,-0.445,0.715,-0.715,-0.155,-0.0322,-0.0349,0.55,-0.55,1.45,0.564
"Cercomacra nigricans",-0.308,-0.0909,0.129,-0.267,0.701,-0.701,0.0765,-0.0296,-0.0282,0.616,-0.616,0.526,-0.991
"Cercomacra parkeri",-0.295,1,1.15,0.666,0.563,-0.563,1.06,-0.0129,0.00581,0.0566,-0.0566,-0.331,0.851
"Cercomacra tyrannina",-0.308,-0.255,-0.132,-0.31,0.397,-0.397,-0.557,-0.0309,-0.0407,-0.963,0.963,0.646,0.75
"Drymophila caudata",-0.375,0.972,0.75,0.968,0.015,-0.015,0.556,-0.016,-0.00611,-0.125,0.125,-0.678,0.469
"Pithys albifrons",-0.282,-0.424,-0.594,-0.187,-0.596,0.596,-0.571,-0.0333,-0.0434,-0.554,0.554,1.45,0.564
"Rhegmatorhina melanosticta",-0.162,-0.963,-0.754,-0.95,0.547,-0.547,-0.781,-0.0386,-0.0524,-0.0393,0.0393,0.277,0.624
"Gymnopithys leucaspis",-0.107,1.32,1.3,1.06,0.364,-0.364,1.17,-0.00903,0.0116,0.0127,-0.0127,0.975,0.438
"Willisornis poecilinotus",-0.308,-1.04,-0.915,-0.929,0.0239,-0.0239,-0.809,-0.0383,-0.0526,-0.513,0.513,1.45,0.564
"Myrmeciza longipes",-0.162,0.392,0.406,0.299,0.295,-0.295,-0.0396,-0.0244,-0.025,-0.308,0.308,1.27,-1.2
"Gymnocichla nudiceps",-0.109,0.0141,-0.00467,0.0278,0.103,-0.103,-0.133,-0.0269,-0.0292,-0.194,0.194,1.04,-1.03
"Myrmeciza fortis",0.103,-0.282,-0.372,-0.144,-0.22,0.22,-0.484,-0.0295,-0.0381,-0.864,0.864,0.277,0.624
"Myrmeciza immaculata",-0.0033,0.651,0.518,0.633,-0.0799,0.0799,1.14,-0.0152,0.00491,-0.247,0.247,-0.229,0.924
"Myrmoborus leucophrys",-0.255,0.357,0.601,0.0666,0.768,-0.768,0.339,-0.026,-0.0199,0.498,-0.498,0.646,0.75
"Myrmeciza disjuncta",-0.361,-0.198,-0.385,0.00901,-0.449,0.449,-0.442,-0.0276,-0.0354,-1,1,1.45,0.58
"Myrmeciza exsul",-0.202,0.979,1.41,0.395,0.985,-0.985,1.18,-0.0197,0.00111,0.663,-0.663,0.906,0.458
"Myrmeciza nigricauda",-0.215,1.1,1.59,0.433,1.16,-1.16,0.109,-0.0142,-0.0123,-0.883,0.883,0.277,-0.427
"Hypocnemoides melanopogon",-0.375,-0.0924,0.0161,-0.169,0.418,-0.418,-0.101,-0.0287,-0.0305,0.124,-0.124,1.45,0.595
"Hylophylax naevius",-0.375,0.123,0.35,-0.103,0.723,-0.723,-0.224,-0.0317,-0.0357,0.323,-0.323,0.277,0.624
"Myrmotherula cherriei",-0.428,-0.362,-0.32,-0.325,0.105,-0.105,-0.264,-0.0338,-0.0385,0.581,-0.581,1.45,0.58
"Myrmotherula behni",-0.414,-0.503,-0.431,-0.462,0.163,-0.163,-0.573,-0.0338,-0.0439,-0.429,0.429,0.277,0.624
"Myrmotherula schisticolor",-0.401,0.829,0.924,0.573,0.455,-0.455,1.26,-0.0144,0.00797,0.37,-0.37,-0.377,-0.407
"Myrmotherula axillaris",-0.401,1.31,1.26,1.08,0.351,-0.351,1.77,-0.00344,0.0278,0.0888,-0.0888,0.591,0.0155
"Myrmotherula longipennis",-0.428,0.0355,0.463,-0.351,1.21,-1.21,-0.0739,-0.0267,-0.028,-0.101,0.101,1.45,0.564
"Formicivora grisea",-0.401,-0.0619,-0.141,0.0211,-0.0606,0.0606,-0.208,-0.028,-0.0316,-0.243,0.243,1.43,0.028
"Epinecrophylla fulviventris",-0.401,0.525,0.412,0.516,0.0719,-0.0719,0.623,-0.0164,-0.00536,0.0197,-0.0197,0.811,-0.324
"Epinecrophylla haematonota",-0.428,0.116,-0.0904,0.275,-0.288,0.288,0.0262,-0.0276,-0.0271,0.205,-0.205,1.45,0.564
"Thamnistes anabatinus",-0.255,0.0477,-0.0368,0.113,-0.0372,0.0372,-0.386,-0.0274,-0.0342,-0.849,0.849,0.125,0.846
"Campylorhamphus pucherani",0.381,2.17,1.3,2.5,-0.499,0.499,1.62,0.0223,0.0508,-0.828,0.828,-0.721,-0.348
"Lepidocolaptes lacrymiger",-0.123,0.89,0.878,0.716,0.344,-0.344,0.811,-0.0227,-0.00839,0.715,-0.715,-0.721,-0.348
"Lepidocolaptes affinis",-0.0696,1.34,0.951,1.41,-0.14,0.14,1.26,-0.00516,0.0171,-0.075,0.075,-0.656,0.411
"Lepidocolaptes souleyetii",-0.215,0.777,0.898,0.509,0.556,-0.556,1.18,-0.0201,0.000879,0.811,-0.811,0.429,-0.809
"Campylorhamphus pusillus",-0.0033,1.12,0.67,1.29,-0.3,0.3,1.22,-0.00358,0.0179,-0.188,0.188,0.277,-0.427
"Campylorhamphus trochilirostris",-0.0431,0.848,0.411,1.06,-0.423,0.423,0.578,-0.0145,-0.00431,-0.249,0.249,0.364,-0.333
"Xiphorhynchus obsoletus",-0.149,-0.156,-0.104,-0.17,0.236,-0.236,-0.0746,-0.0311,-0.0324,0.543,-0.543,1.45,0.595
"Xiphorhynchus guttatus",0.103,-0.393,-0.514,-0.205,-0.407,0.407,-0.405,-0.0307,-0.0379,-0.384,0.384,1.14,-1.06
"Xiphorhynchus susurrans",0.0365,-0.0302,-0.224,0.148,-0.358,0.358,-0.061,-0.0301,-0.0311,0.258,-0.258,1.23,-0.627
"Xiphorhynchus erythropygius",0.103,0.886,0.585,0.97,-0.0739,0.0739,1,-0.00828,0.00949,0.0544,-0.0544,0.229,0.0923
"Xiphorhynchus triangularis",0.063,0.49,0.551,0.335,0.429,-0.429,0.748,-0.0204,-0.00718,0.431,-0.431,-0.296,-0.562
"Xiphorhynchus ocellatus",-0.0166,-0.246,-0.16,-0.272,0.305,-0.305,-0.266,3.14,3.13,-3.85,3.85,1.45,0.564
"Dendroplex picus",-0.0298,-0.519,-0.562,-0.373,-0.238,0.238,-0.424,-0.0348,-0.0423,0.449,-0.449,1.32,-0.759
"Dendrocolaptes sanctithomae",0.487,1.28,1.41,0.905,0.61,-0.61,2.04,-0.0127,0.0235,0.592,-0.592,0.922,0.386
"Dendrocincla merula",0.063,-0.267,-0.376,-0.116,-0.263,0.263,-0.335,-0.0339,-0.0398,0.498,-0.498,1.45,0.564
"Dendrocincla homochroa",0.0497,0.14,0.202,0.0563,0.344,-0.344,0.071,-0.0304,-0.0291,0.639,-0.639,-0.0268,1.07
"Dendrocincla fuliginosa",-0.0166,0.801,0.694,0.731,0.133,-0.133,1.29,-0.0125,0.0104,0.192,-0.192,0.692,-0.0323
"Dendrocincla tyrannina",0.116,0.778,0.596,0.778,0.0284,-0.0284,0.7,-0.0192,-0.00678,0.288,-0.288,-1.52,-0.835
"Glyphorynchus spirurus",-0.348,0.683,1.24,0.0514,1.18,-1.18,1.91,-0.0235,0.0102,1.47,-1.47,0.906,0.458
"Pseudocolaptes lawrencii",0.156,0.742,0.639,0.679,0.215,-0.215,0.69,-0.0196,-0.00742,0.45,-0.45,-0.656,0.411
"Pseudocolaptes boissonneautii",0.0497,1.58,1.59,1.24,0.466,-0.466,1.54,-0.014,0.0132,0.641,-0.641,-0.721,-0.348
"Synallaxis azarae",-0.335,-0.308,-0.285,-0.264,0.0979,-0.0979,0.248,-0.0311,-0.0267,1.07,-1.07,1.1,0.568
"Synallaxis unirufa",-0.308,1.26,1.88,0.448,1.29,-1.29,2.02,-0.0164,0.0194,1.1,-1.1,-0.678,0.469
"Synallaxis brachyura",-0.255,3.06,3.77,1.8,1.22,-1.22,5.78,0.00454,0.107,1.41,-1.41,-0.439,0.263
"Margarornis stellatus",-0.255,1.32,1.75,0.671,1.08,-1.08,1.26,-0.0192,0.00313,0.802,-0.802,-0.67,0.45
"Margarornis squamiger",-0.308,1.56,1.85,0.978,0.843,-0.843,1.74,-0.0218,0.00894,1.31,-1.31,-0.656,0.411
"Premnoplex brunnescens",-0.322,1.65,1.83,1.14,0.7,-0.7,2.03,-0.0102,0.0258,0.732,-0.732,-0.439,-0.859
"Anabacerthia variegaticeps",-0.149,1,0.983,0.812,0.35,-0.35,1.01,-0.0214,-0.00357,0.769,-0.769,-0.547,0.337
"Anabacerthia striaticollis",-0.229,0.771,1.12,0.303,0.954,-0.954,1.42,-0.0247,0.000399,1.37,-1.37,0.906,0.458
"Syndactyla subalaris",-0.109,1.41,1.36,1.17,0.345,-0.345,1.09,-0.0113,0.00806,0.0611,-0.0611,-0.495,-0.0837
"Philydor fuscipenne",-0.189,1.8,1.39,1.79,-0.048,0.048,1.42,-0.0045,0.0205,0.0185,-0.0185,0.906,0.458
"Thripadectes ignobilis",0.0762,0.991,1.16,0.64,0.646,-0.646,1.01,-0.0222,-0.00443,0.849,-0.849,-0.439,0.263
"Thripadectes melanorhynchus",0.00996,0.395,0.539,0.187,0.556,-0.556,0.128,-0.0291,-0.0268,0.595,-0.595,-0.0123,1.05
"Thripadectes virgaticeps",0.116,0.119,0.152,0.0662,0.202,-0.202,0.228,-0.0247,-0.0206,0.0119,-0.0119,-0.352,0.191
"Thripadectes flammulatus",0.209,1.28,2.53,-0.0913,3.35,-3.35,2.25,0.00493,0.0447,0.155,-0.155,-0.678,0.469
"Automolus ochrolaemus",-0.0431,-0.899,-0.801,-0.8,-0.0536,0.0536,-0.67,-0.0372,-0.049,0.098,-0.098,1.43,0.673
"Automolus infuscatus",-0.0829,-0.263,-0.112,-0.342,0.486,-0.486,-0.197,-0.033,-0.0365,0.648,-0.648,1.45,0.564
"Hyloctistes subulatus",-0.0961,0.307,0.244,0.299,-0.0527,0.0527,0.244,-0.0172,-0.0129,-0.322,0.322,0.32,-0.0101
"Automolus rubiginosus",0.00996,1.3,0.999,1.3,-0.0215,0.0215,1.77,-0.0104,0.021,0.583,-0.583,0.44,-0.112
"Xenops minutus",-0.388,0.855,1.22,0.351,0.985,-0.985,2.02,-0.0211,0.0146,1.41,-1.41,-0.656,0.411
"Sclerurus mexicanus",-0.215,1.39,1.5,1.01,0.53,-0.53,2.32,-0.0103,0.0309,0.768,-0.768,-0.034,-0.148
"Formicarius analis",0.262,0.361,0.611,0.065,0.78,-0.78,0.271,-0.0303,-0.0255,0.958,-0.958,-0.0268,1.07
"Formicarius rufipectus",0.447,2.71,2.43,2.4,0.253,-0.253,2.47,0.00453,0.0481,0.269,-0.269,-0.439,0.263
"Formicarius colma",0.0762,-0.12,-0.17,-0.0506,-0.0205,0.0205,-0.155,-0.0304,-0.0331,0.254,-0.254,1.45,0.564
"Chamaeza turdina",0.355,0.334,0.713,-0.0699,1.01,-1.01,0.352,-0.0312,-0.0249,1.21,-1.21,-0.189,2.2
"Chamaeza campanisona",0.514,0.434,0.684,0.124,0.776,-0.776,-0.0215,-0.0296,-0.03,0.313,-0.313,0.212,1.67
"Myornis senilis",-0.282,-0.646,-0.579,-0.571,0.0708,-0.0708,-0.732,-0.0369,-0.0498,-0.44,0.44,-2.59,-1.05
"Scytalopus latrans",-0.295,1.04,1.27,0.622,0.753,-0.753,1.02,-0.015,0.003,0.298,-0.298,-0.721,-0.348
"Scytalopus micropterus",-0.215,-0.545,-0.419,-0.543,0.331,-0.331,-0.526,-0.0353,-0.0446,0.201,-0.201,-0.526,1.69
"Scytalopus griseicollis",-0.308,-0.704,-0.504,-0.735,0.51,-0.51,-0.654,-0.0367,-0.0483,-0.0411,0.0411,-1.94,-1.04
"Scytalopus chocoensis",-0.268,2.63,2.49,2.22,0.38,-0.38,3.66,0.0034,0.0682,0.854,-0.854,0.711,0.252
"Scytalopus vicinior",-0.255,0.283,0.394,0.127,0.315,-0.315,0.322,-0.0309,-0.0252,0.788,-0.788,-0.602,-0.591
"Liosceles thoracicus",-0.0166,-0.979,-0.885,-0.859,-0.0646,0.0646,-0.714,-0.0388,-0.0514,0.715,-0.715,0.385,0.615
"Grallaria rufula",-0.0696,-0.241,-0.131,-0.289,0.458,-0.458,-0.269,-0.0337,-0.0384,0.728,-0.728,-1.94,-1.04
"Grallaria flavotincta",0.421,2.28,2.26,1.83,0.484,-0.484,1.84,-0.00155,0.0311,0.182,-0.182,-0.656,0.411
"Grallaria ruficapilla",0.487,-0.676,-0.593,-0.61,0.116,-0.116,-0.854,-0.0376,-0.0527,-1.58,1.58,-1.65,-1.1
"Grallaria squamigera",1.16,0.72,0.924,0.391,0.697,-0.697,0.259,-0.0235,-0.0189,-0.175,0.175,-2.65,-1.06
"Grallaricula nana",-0.268,-0.674,-0.403,-0.774,0.831,-0.831,-0.616,-0.0371,-0.048,0.578,-0.578,-1.63,-1.43
"Grallaricula ferrugineipectus",-0.308,-0.767,-0.673,-0.691,0.102,-0.102,-0.702,-0.0371,-0.0495,-0.135,0.135,-0.0268,1.07
"Grallaricula flavirostris",-0.282,0.885,1.24,0.384,0.771,-0.771,1.2,-0.0163,0.00486,0.366,-0.366,-0.638,0.463
"Vireo leucophrys",-0.375,0.881,1.17,0.444,0.846,-0.846,2.13,-0.0184,0.0192,1.28,-1.28,0.429,-0.809
"Turdus obsoletus",0.421,1.92,1.78,1.64,0.325,-0.325,1.85,0.000392,0.0331,0.0966,-0.0966,0.277,-0.427
"Turdus grayi",0.302,-0.104,0.0431,-0.212,0.504,-0.504,-0.328,-0.0331,-0.0388,0.317,-0.317,1.47,-0.813
"Turdus leucomelas",0.381,0.422,0.669,0.116,0.773,-0.773,0.102,-0.0264,-0.0246,0.211,-0.211,-0.862,-0.305
"Turdus albicollis",0.063,0.55,0.593,0.398,0.385,-0.385,0.419,-0.0285,-0.0211,0.923,-0.923,-0.0268,1.07
"Turdus lawrencii",0.368,-0.688,-0.625,-0.6,0.026,-0.026,-0.683,-0.0378,-0.0499,0.371,-0.371,0.385,0.615
"Turdus flavipes",0.156,2.47,2.61,1.84,0.666,-0.666,2.89,0.00979,0.061,0.303,-0.303,-0.439,0.263
"Turdus ignobilis",0.328,0.875,1.06,0.531,0.606,-0.606,0.459,-0.0224,-0.0142,0.279,-0.279,0.599,-0.577
"Turdus serranus",0.527,1.06,1.33,0.612,0.659,-0.659,0.935,-0.0223,-0.00578,0.54,-0.54,-0.562,-0.672
"Turdus fuscater",1.15,-0.115,0.0176,-0.208,0.509,-0.509,-0.466,-0.0315,-0.0397,-0.254,0.254,-2.2,-1.02
"Turdus leucops",0.328,1.13,1.08,0.936,0.288,-0.288,1.17,-0.0119,0.00889,0.129,-0.129,-0.345,0.307
"Cichlopsis leucogenys",-0.0166,1.66,1.7,1.28,0.508,-0.508,2.51,-0.00306,0.0414,0.632,-0.632,0.168,-0.477
"Entomodestes coracinus",0.235,2.05,2.11,1.57,0.566,-0.566,2.46,-0.00111,0.0424,0.507,-0.507,-0.345,0.131
"Catharus ustulatus",-0.162,0.0589,0.145,-0.0296,0.376,-0.376,0.0505,-0.0293,-0.0284,0.394,-0.394,-0.0702,0.605
"Catharus minimus",-0.0961,0.674,1.04,0.215,0.945,-0.945,0.724,-0.0273,-0.0145,0.953,-0.953,0.722,0.573
"Catharus fuscater",-0.136,-0.564,-0.572,-0.44,-0.202,0.202,-0.624,-0.0362,-0.0472,-0.108,0.108,-0.945,0.728
"Myadestes ralloides",-0.136,1.29,1.34,0.984,0.381,-0.381,1.32,-0.0138,0.00957,0.378,-0.378,-0.977,-0.991
"Thryothorus nigricapillus",-0.242,1.22,1.25,0.933,0.41,-0.41,2.61,-0.00979,0.0363,0.619,-0.619,-0.0268,0.15
"Thryothorus spadix",-0.229,0.0172,0.187,-0.137,0.643,-0.643,-0.00491,-0.0297,-0.0298,0.67,-0.67,-0.184,-0.289
"Thryothorus genibarbis",-0.279,-0.156,0.13,-0.377,0.871,-0.871,-0.195,-0.0354,-0.0388,1.22,-1.22,-0.439,-0.859
"Thryothorus mystacalis",-0.189,-0.47,-0.307,-0.517,0.486,-0.486,-0.554,-0.0359,-0.0457,0.266,-0.266,-0.829,-0.179
"Thryothorus fasciatoventris",-0.215,-0.81,-0.721,-0.72,0.0501,-0.0501,-0.791,-0.036,-0.05,-1.36,1.36,1.14,-1.06
"Henicorhina leucophrys",-0.322,0.542,0.542,0.43,0.324,-0.324,0.234,4.8,4.8,-0.334,0.334,-0.598,0.323
"Henicorhina leucosticta",-0.322,0.795,0.908,0.53,0.392,-0.392,0.909,-0.0247,-0.00857,0.507,-0.507,0.261,-0.429
"Troglodytes aedon",-0.348,-0.431,-0.418,-0.354,-0.0661,0.0661,-0.412,-0.0347,-0.042,0.0526,-0.0526,0.303,-0.351
"Troglodytes solstitialis",-0.375,-0.182,-0.102,-0.214,0.295,-0.295,-0.257,-0.0334,-0.038,0.56,-0.56,-1.59,-1.14
"Cinnycerthia unirufa",-0.136,-0.484,-0.458,-0.408,0.00993,-0.00993,-0.533,-0.034,-0.0434,-0.22,0.22,-1.94,-1.04
"Cinnycerthia olivascens",-0.202,0.761,0.558,0.783,-0.0454,0.0454,0.764,-0.00772,0.0058,-0.542,0.542,-0.839,0.202
"Cyphorhinus thoracicus",-0.123,0.623,0.507,0.596,-0.127,0.127,0.141,-0.0165,-0.014,-0.801,0.801,-0.58,-0.603
"Microcerculus marginatus",-0.295,0.688,0.486,0.725,-0.0904,0.0904,0.269,-0.0194,-0.0146,-0.244,0.244,-0.273,0.0821
"Microbates cinereiventris",-0.375,0.942,0.334,1.28,-0.65,0.65,0.916,-0.011,0.00524,-0.326,0.326,0.277,-0.427
"Euphonia concinna",-0.388,-1.14,-0.984,-1.04,0.136,-0.136,-0.867,-0.0395,-0.0548,-0.593,0.593,0.928,-1.04
"Euphonia trinitatis",-0.401,-0.895,-0.885,-0.718,-0.39,0.39,-0.696,-0.0374,-0.0497,0.0683,-0.0683,1.47,-0.813
"Euphonia plumbea",-0.414,-0.944,-0.761,-0.91,0.416,-0.416,-0.808,-0.0394,-0.0537,0.357,-0.357,1.45,0.58
"Euphonia xanthogaster",-0.361,0.702,0.708,0.551,0.302,-0.302,0.604,-0.0191,-0.00844,-0.00855,0.00855,-0.152,0.889
"Euphonia laniirostris",-0.348,-0.434,-0.307,-0.457,0.262,-0.262,-0.552,-0.0326,-0.0423,-0.453,0.453,0.479,1.45
"Carduelis spinescens",-0.375,-1.04,-0.821,-1.01,0.543,-0.543,-0.794,-0.0392,-0.0533,0.357,-0.357,-2.11,-0.872
"Carduelis psaltria",-0.414,-0.608,-0.28,-0.773,1.06,-1.06,-0.586,-0.0369,-0.0472,0.486,-0.486,-1.07,-1.36
"Atlapetes pallidinucha",-0.0563,0.495,0.441,0.441,0.196,-0.196,-0.121,-0.0298,-0.0319,0.236,-0.236,-2.02,-1.28
"Atlapetes tricolor",-0.0298,1.1,1.24,0.755,0.574,-0.574,0.766,-0.0256,-0.012,0.886,-0.886,-0.558,0.366
"Atlapetes schistaceus",-0.176,-0.0799,0.078,-0.203,0.414,-0.414,-0.319,-0.034,-0.0396,0.172,-0.172,-1.57,-0.442
"Atlapetes semirufus",-0.149,-0.252,-0.189,-0.255,0.226,-0.226,-0.483,-0.0342,-0.0427,0.12,-0.12,-1.26,-1.35
"Chlorospingus canigularis",-0.255,-0.814,-0.607,-0.828,0.579,-0.579,-0.676,-0.0372,-0.0492,0.195,-0.195,-1.27,0.0468
"Chlorospingus flavigularis",-0.229,0.835,1.04,0.482,0.738,-0.738,0.82,-0.0161,-0.0016,0.0223,-0.0223,-0.45,-0.311
"Chlorospingus ophthalmicus",-0.225,1.59,1.88,1.01,0.836,-0.836,1.39,-0.0206,0.00397,1,-1,-0.656,0.411
"Chlorospingus semifuscus",-0.215,0.41,0.756,0.0199,0.89,-0.89,0.725,-0.0226,-0.00974,0.576,-0.576,-0.58,-0.182
"Arremon brunneinucha",0.063,1.09,0.974,0.962,0.3,-0.3,0.756,-0.0133,0.000106,0.061,-0.061,-0.667,0.251
"Arremon taciturnus",-0.189,0.0404,-0.125,0.178,-0.192,0.192,-0.333,-0.0276,-0.0335,-0.624,0.624,0.787,1.69
"Arremon aurantiirostris",-0.176,0.666,0.796,0.412,0.404,-0.404,0.944,-0.0221,-0.00542,0.503,-0.503,0.266,0.641
"Atlapetes latinuchus",-0.162,1.51,1.72,1.01,0.731,-0.731,1.07,-0.0135,0.00539,0.238,-0.238,-0.721,-0.348
"Atlapetes albofrenatus",-0.189,-0.238,-0.332,-0.106,-0.203,0.203,-0.53,-0.0322,-0.0415,-0.591,0.591,-1.78,-1.19
"Zonotrichia capensis",-0.242,0.114,0.278,-0.0539,0.583,-0.583,0.0493,-0.0292,-0.0283,0.486,-0.486,-0.0666,-0.46
"Cacicus chrysonotus",0.421,2.13,2.24,1.6,0.621,-0.621,3.51,0.00134,0.0634,0.875,-0.875,-0.721,-0.348
"Basileuterus nigrocristatus",-0.361,-0.653,-0.659,-0.512,-0.224,0.224,-0.682,-0.0363,-0.0484,-0.295,0.295,-1.63,-1.43
"Phaeothlypis fulvicauda",-0.348,0.808,0.542,0.877,-0.0866,0.0866,0.744,-0.0138,-0.000649,-0.479,0.479,0.309,0.19
"Basileuterus luteoviridis",-0.348,-0.772,-0.743,-0.638,-0.13,0.13,-0.715,-0.0363,-0.049,-0.363,0.363,-1.64,-0.332
"Basileuterus coronatus",-0.308,0.547,0.623,0.366,0.384,-0.384,0.45,-0.0251,-0.0171,0.507,-0.507,-0.79,-0.768
"Basileuterus culicivorus",-0.401,-0.843,-0.811,-0.697,-0.199,0.199,-0.722,-0.0356,-0.0483,-0.721,0.721,0.103,0.338
"Basileuterus tristriatus",-0.361,0.391,0.412,0.291,0.337,-0.337,0.389,-0.0224,-0.0155,0.105,-0.105,-0.507,-0.0655
"Basileuterus rufifrons",-0.388,-0.639,-0.536,-0.598,0.178,-0.178,-0.67,-0.0358,-0.0476,-0.488,0.488,0.87,-0.241
"Myioborus miniatus",-0.414,-0.205,-0.246,-0.126,-0.194,0.194,-0.251,-0.0298,-0.0342,-0.338,0.338,-1.02,-0.22
"Myioborus melanocephalus",-0.388,-0.789,-0.678,-0.723,0.154,-0.154,-0.751,-0.037,-0.0502,-0.613,0.613,-2.22,-1.17
"Myioborus ornatus",-0.375,0.552,0.691,0.315,0.545,-0.545,0.334,-0.0147,-0.00881,0.0964,-0.0964,-2.01,-0.625
"Sporophila corvina",-0.388,-0.952,-0.809,-0.882,0.213,-0.213,-0.794,-0.0381,-0.0521,-0.503,0.503,1.45,-1.47
"Sporophila minuta",-0.428,-0.862,-0.889,-0.66,-0.521,0.521,-0.811,-0.0363,-0.0506,-1.49,1.49,1.47,-0.813
"Sporophila luctuosa",-0.375,-0.872,-0.736,-0.812,0.216,-0.216,-0.757,-0.038,-0.0513,-0.0879,0.0879,-2.33,-1.49
"Sporophila nigricollis",-0.401,0.00629,0.256,-0.216,0.757,-0.757,-0.0906,-0.0309,-0.0325,0.478,-0.478,0.472,-0.989
"Sporophila schistacea",-0.375,-0.19,-0.235,-0.11,0.0385,-0.0385,-0.209,-0.0331,-0.0367,0.54,-0.54,-0.2,1.12
"Sporophila bouvronides",-0.401,-1.1,-0.991,-0.969,-0.11,0.11,-0.821,-0.0387,-0.0532,-0.415,0.415,1.45,-1.47
"Oryzoborus angolensis",-0.375,-0.944,-0.721,-0.946,0.621,-0.621,-0.784,-0.0386,-0.0524,-0.0549,0.0549,-0.569,0.676
"Diglossa indigotica",-0.375,0.179,0.578,-0.21,1.11,-1.11,0.0915,-0.0303,-0.0287,0.72,-0.72,-0.656,0.411
"Diglossa sittoides",-0.414,-0.788,-0.571,-0.817,0.62,-0.62,-0.686,-0.0382,-0.0503,0.57,-0.57,-1.07,-1.36
"Diglossa albilatera",-0.401,0.311,0.212,0.333,-0.0392,0.0392,0.65,-0.0268,-0.0153,0.457,-0.457,-0.873,0.239
"Diglossa humeralis",-0.375,-0.665,-0.336,-0.819,1.07,-1.07,-0.701,-0.0375,-0.0498,0.0568,-0.0568,-1.65,-1.1
"Diglossa lafresnayii",-0.322,-0.984,-0.691,-1.04,0.995,-0.995,-0.781,-0.0392,-0.053,0.452,-0.452,-2.15,-1.34
"Diglossa gloriosissima",-0.322,0.785,0.818,0.594,0.387,-0.387,0.214,-0.0204,-0.0166,-0.31,0.31,-0.678,0.469
"Diglossa caerulescens",-0.348,0.607,0.862,0.255,0.687,-0.687,0.496,-0.0239,-0.0151,0.258,-0.258,-1.02,-0.708
"Diglossa cyanea",-0.322,0.409,0.697,0.0691,0.74,-0.74,0.454,-0.0246,-0.0166,0.304,-0.304,-0.702,0.269
"Tachyphonus phoenicius",-0.295,-0.752,-0.684,-0.656,0.0114,-0.0114,-0.721,-0.0376,-0.0503,-0.0692,0.0692,1.45,0.58
"Tachyphonus rufus",-0.0696,0.00675,0.0799,-0.0594,0.312,-0.312,-0.179,-0.0305,-0.0337,0.238,-0.238,0.06,1.22
"Ramphocelus flammigerus",-0.0563,1.98,1.96,1.58,0.471,-0.471,1.7,-0.00509,0.0249,0.229,-0.229,0.277,-0.427
"Ramphocelus dimidiatus",-0.189,5.3,1.07,7.95,-0.231,0.231,0.547,-0.0266,-0.0169,0.815,-0.815,0.429,-0.809
"Tachyphonus surinamus",-0.295,-1.18,-1,-1.09,0.247,-0.247,-0.84,-0.0395,-0.0543,-0.0414,0.0414,0.385,0.615
"Tachyphonus delatrii",-0.282,1.51,1.52,1.19,0.466,-0.466,2.04,-0.00287,0.0332,0.325,-0.325,0.331,-0.282
"Tachyphonus luctuosus",-0.361,-1.12,-0.955,-1.04,0.236,-0.236,-0.853,-0.0399,-0.055,0.286,-0.286,0.147,2.71
"Hemispingus frontalis",-0.295,1.2,1.54,0.651,0.922,-0.922,0.916,-0.0113,0.00494,-0.0427,0.0427,-0.721,-0.348
"Cyanerpes caeruleus",-0.388,0.78,0.975,0.447,0.651,-0.651,0.417,-0.0291,-0.0217,0.836,-0.836,0.906,0.458
"Chlorophanes spiza",-0.282,1.35,1.42,1.01,0.526,-0.526,1.23,-0.0113,0.0105,0.242,-0.242,0.277,-0.427
"Chrysothlypis salmoni",-0.361,0.722,0.584,0.695,0.0895,-0.0895,0.769,-0.0176,-0.00399,0.239,-0.239,0.277,-0.427
"Saltator atripennis",0.182,2.06,2.2,1.51,0.656,-0.656,2.23,-0.00746,0.032,0.654,-0.654,-0.58,-0.0426
"Saltator maximus",0.0232,0.688,0.921,0.339,0.767,-0.767,0.658,-0.0162,-0.00455,0.344,-0.344,0.288,0.438
"Saltator coerulescens",0.143,-0.0294,0.12,-0.155,0.506,-0.506,-0.357,-0.0344,-0.0407,0.494,-0.494,1.19,0.504
"Saltator striatipectus",-0.0298,0.582,0.599,0.446,0.342,-0.342,0.388,-0.0258,-0.019,0.325,-0.325,0.338,-1.06
"Tangara ruficervix",-0.268,2.53,3.15,1.46,1.17,-1.17,3,0.00193,0.0549,0.645,-0.645,-0.721,-0.348
"Tangara heinei",-0.255,-0.015,0.128,-0.138,0.508,-0.508,-0.319,-0.0339,-0.0395,0.546,-0.546,-1.07,-1.36
"Tangara larvata",-0.308,1.69,1.32,1.68,-0.0256,0.0256,2.14,0.00257,0.0404,0.185,-0.185,0.277,-0.427
"Tangara cyanicollis",-0.322,0.445,0.701,0.126,0.745,-0.745,0.229,-0.0265,-0.0224,0.227,-0.227,-0.0159,0.687
"Tangara cayana",-0.282,-0.533,-0.406,-0.535,0.481,-0.481,-0.592,-0.0363,-0.0468,0.44,-0.44,0.132,1.32
"Tangara vitriolina",-0.242,-0.541,-0.344,-0.604,0.584,-0.584,-0.679,-0.0367,-0.0487,-0.255,0.255,-0.519,0.127
"Tangara labradorides",-0.348,0.669,1.19,0.0714,1.07,-1.07,0.847,-0.0284,-0.0134,0.887,-0.887,-0.895,-0.659
"Tangara vassorii",-0.308,-0.718,-0.442,-0.814,0.886,-0.886,-0.682,-0.038,-0.0501,0.506,-0.506,-0.699,0.872
"Tangara nigroviridis",-0.308,0.302,0.763,-0.168,1.09,-1.09,0.412,-0.0314,-0.0241,1.13,-1.13,-1.19,-0.726
"Tangara xanthocephala",-0.268,-0.509,-0.284,-0.603,0.684,-0.684,-0.46,-0.0366,-0.0447,0.895,-0.895,-1.26,-1.35
"Tangara schrankii",-0.229,-0.971,-0.735,-0.98,0.684,-0.684,-0.85,-0.0385,-0.0535,-1.06,1.06,0.385,0.615
"Tangara icterocephala",-0.268,1.32,1.45,0.927,0.612,-0.612,1.45,-0.0114,0.0143,0.422,-0.422,0.291,-0.548
"Tangara florida",-0.335,0.505,0.76,0.175,0.758,-0.758,0.452,-0.0258,-0.0178,0.635,-0.635,0.277,-0.427
"Tangara arthus",-0.268,-0.353,-0.241,-0.379,0.234,-0.234,-0.352,-0.0309,-0.0371,-0.448,0.448,-0.661,-0.102
"Oreothraupis arremonops",0.143,2.68,3.76,1.18,1.62,-1.62,3.5,-0.0134,0.0486,1.53,-1.53,-0.678,0.469
"Chlorornis riefferii",0.169,0.483,0.717,0.177,0.738,-0.738,0.22,-0.0279,-0.024,0.564,-0.564,-1.51,-0.305
"Thraupis cyanocephala",-0.0696,-0.393,-0.196,-0.486,0.614,-0.614,-0.501,-0.0352,-0.044,0.373,-0.373,-1.62,-0.458
"Anisognathus lacrymosus",-0.123,-0.31,-0.251,-0.297,0.201,-0.201,-0.469,-0.0344,-0.0426,0.132,-0.132,-1.02,-0.397
"Anisognathus igniventris",-0.0431,-0.417,-0.33,-0.408,0.287,-0.287,-0.736,-0.0372,-0.0502,-0.339,0.339,-1.65,-1.1
"Anisognathus notabilis",0.182,1.13,0.778,1.21,-0.105,0.105,0.205,-0.0144,-0.0108,-0.481,0.481,-0.656,0.411
"Anisognathus somptuosus",0.129,1.55,1.34,1.42,0.156,-0.156,0.645,-0.0144,-0.00299,-0.123,0.123,-0.721,-0.348
"Thraupis episcopus",-0.0961,0.116,0.331,-0.0978,0.726,-0.726,-0.00881,-0.0292,-0.0293,0.441,-0.441,0.293,0.369
"Thraupis palmarum",-0.0563,-0.442,-0.418,-0.371,0.0998,-0.0998,-0.515,-0.0354,-0.0444,0.139,-0.139,0.548,0.716
"Bangsia rothschildi",0.103,1.37,1.39,1.07,0.419,-0.419,1.55,-0.00984,0.0176,0.328,-0.328,0.168,-0.477
"Bangsia melanochlamys",-0.0033,0.89,1.25,0.384,0.912,-0.912,1.2,-0.023,-0.00163,1.02,-1.02,-0.661,0.425
"Bangsia aureocincta",0.00996,0.287,0.608,-0.0573,0.919,-0.919,0.313,-0.03,-0.0244,0.977,-0.977,-0.667,0.44
"Iridosornis porphyrocephalus",-0.215,0.763,1.02,0.377,0.645,-0.645,0.879,-0.0205,-0.00493,0.292,-0.292,-0.613,0.0352
"Iridosornis rufivertex",-0.202,-0.909,-0.681,-0.923,0.654,-0.654,-0.746,-0.0384,-0.0515,0.195,-0.195,-2.15,-1.34
"Mitrospingus cassinii",-0.0298,1.09,0.972,0.973,0.206,-0.206,0.956,-0.00681,0.0101,-0.258,0.258,0.277,-0.427
"Chlorophonia cyanea",-0.361,-0.0196,0.123,-0.141,0.506,-0.506,-0.333,-0.0322,-0.0381,0.125,-0.125,-0.439,0.641
"Habia rubica",-0.149,-0.464,-0.309,-0.505,0.419,-0.419,-0.584,-0.0341,-0.0444,-0.163,0.163,-0.0268,1.07
"Chlorothraupis stolzmanni",-0.0033,1.15,1.34,0.749,0.674,-0.674,1.18,-0.0121,0.00875,0.246,-0.246,0.494,-0.0873
"Chlorothraupis olivacea",0.0365,1.45,1.21,1.37,0.0942,-0.0942,2.8,-0.00776,0.0417,0.986,-0.986,0.277,-0.427
"Habia cristata",0.063,-0.272,-0.305,-0.186,-0.0484,0.0484,-0.482,-0.0298,-0.0383,-0.82,0.82,-0.0051,1.29
"Pygochelidon cyanoleuca",-0.388,1.65,1.8,1.19,0.645,-0.645,0.739,-0.0141,-0.001,-0.0457,0.0457,0.277,-0.427
"Cathartes burrovianus",10.7,0.646,-0.271,1.32,-1.36,1.36,-0.0719,-0.00011,-0.00139,-1.88,1.88,1.19,0.568
"Accipiter striatus",0.713,0.514,0.214,0.674,-0.287,0.287,0.47,-0.0226,-0.0142,0.321,-0.321,-1.94,-1.04
"Buteo nitidus",5.54,-0.387,-0.424,-0.274,-0.128,0.128,-0.648,-0.0365,-0.0479,-0.00767,0.00767,1.38,-1.12
"Trogon personatus",0.249,0.724,1.08,0.254,0.929,-0.929,0.998,-0.0218,-0.00419,0.861,-0.861,-0.678,0.41
"Trogon rufus",0.182,2.31,3.25,1,1.55,-1.55,3.03,-0.00265,0.0509,0.848,-0.848,0.277,-0.427
"Trogon viridis",0.593,-0.0159,0.458,-0.432,1.27,-1.27,0.119,-0.0304,-0.0283,0.933,-0.933,0.277,0.624
"Trogon comptus",0.487,0.485,0.788,0.116,0.884,-0.884,1.08,-0.0251,-0.0059,1.18,-1.18,1.16,0.0977
"Trogon melanurus",0.858,0.743,0.949,0.406,0.694,-0.694,1.43,-0.0221,0.00314,1.15,-1.15,1.26,0.953
"Pharomachrus antisianus",1.49,2.86,4.41,0.904,2.03,-2.03,3.8,-0.00187,0.0653,1.09,-1.09,-0.721,-0.348
"Malacoptila mystacalis",0.169,0.89,0.882,0.713,0.0308,-0.0308,1.45,-0.0175,0.00818,0.674,-0.674,-0.511,0.564
"Malacoptila panamensis",0.0365,1.2,1.35,0.821,0.635,-0.635,2.06,-0.011,0.0254,0.752,-0.752,0.906,0.458
"Galbula ruficauda",-0.215,0.263,0.0514,0.396,-0.209,0.209,-0.132,-0.0256,-0.028,-0.346,0.346,1.07,-0.388
"Galbula tombacea",-0.215,-0.956,-0.783,-0.911,0.361,-0.361,-0.757,-0.0388,-0.0521,0.353,-0.353,0.168,1.47
"Galbula albirostris",-0.242,-0.217,-0.176,-0.208,0.187,-0.187,-0.459,-0.0298,-0.0379,-0.725,0.725,1.45,0.564
"Aulacorhynchus prasinus",1.67,0.854,0.732,0.786,0.229,-0.229,2.23,-0.000108,0.0393,0.152,-0.152,-1.51,-0.646
"Aulacorhynchus haematopygus",2.14,0.719,0.452,0.806,-0.051,0.051,1.76,-0.00624,0.0248,0.437,-0.437,0.136,0.432
"Andigena nigrirostris",3.87,1.56,1.45,1.34,0.299,-0.299,0.44,-0.00877,-0.000978,-0.727,0.727,-1.81,-1.19
"Selenidera reinwardtii",1.63,0.382,0.414,0.276,0.33,-0.33,-0.0361,-0.0261,-0.0267,-0.104,0.104,0.385,0.615
"Pteroglossus torquatus",2.26,2.18,1.1,2.69,-0.685,0.685,2.15,0.0195,0.0576,-0.312,0.312,0.277,-0.427
"Ramphastos ambiguus",6.61,0.859,1.14,0.433,0.833,-0.833,1.77,-0.0163,0.015,0.938,-0.938,0.277,0.624
"Eubucco bourcierii",-0.0166,0.831,0.59,0.873,-0.00706,0.00706,1.71,-0.0135,0.0169,0.686,-0.686,-0.504,-0.303
"Picumnus pumilus",-0.414,-0.225,-0.701,0.242,-1.27,1.27,-0.443,-0.0277,-0.0355,-0.976,0.976,1.43,0.673
"Picumnus olivaceus",-0.401,-0.417,-0.368,-0.374,0.0966,-0.0966,-0.0904,-0.0334,-0.0349,0.962,-0.962,-0.764,-1.12
"Campephilus haematogaster",2.41,-0.769,-0.768,-0.61,-0.292,0.292,-0.588,-0.0364,-0.0468,0.305,-0.305,-0.526,1.69
"Campephilus melanoleucos",2.52,-0.875,-0.959,-0.62,-0.803,0.803,-0.694,-0.0364,-0.0487,-0.352,0.352,1.14,-1.06
"Dryocopus lineatus",1.97,-0.00271,0.286,-0.258,0.873,-0.873,0.726,-0.0302,-0.0173,1.46,-1.46,1.47,-0.813
"Celeus loricatus",0.434,1.19,0.898,1.21,-0.0381,0.0381,1.47,-0.0157,0.0104,0.708,-0.708,0.168,-0.477
"Colaptes punctigula",0.249,0.258,0.111,0.335,-0.0859,0.0859,0.252,-0.0246,-0.0201,0.225,-0.225,1.47,-0.813
"Veniliornis nigriceps",-0.189,-0.0668,0.113,-0.212,0.594,-0.594,-0.213,-0.0314,-0.0352,0.299,-0.299,-2.2,-1.29
"Veniliornis dignus",-0.0696,-0.571,-0.469,-0.543,0.282,-0.282,-0.45,-0.0345,-0.0424,0.475,-0.475,-0.547,-0.224
"Picoides fumigatus",-0.0033,0.349,0.482,0.16,0.539,-0.539,1.3,-0.0233,-0.000206,0.637,-0.637,-0.945,-0.593
"Chloroceryle aenea",-0.361,-1.17,-1.02,-1.06,0.0796,-0.0796,-0.857,-0.0397,-0.0548,-0.152,0.152,1.45,0.595
"Chloroceryle americana",-0.136,-0.283,-0.493,-0.0386,-0.145,0.145,-0.511,-0.0272,-0.0362,-0.705,0.705,1.06,0.254
"Momotus aequatorialis",1.49,1.15,0.945,1.09,0.0822,-0.0822,0.696,-0.00824,0.00407,-0.45,0.45,-0.0774,0.514
"Momotus momota",0.938,0.944,0.696,0.967,-0.0571,0.0571,0.588,-0.0127,-0.00232,-0.321,0.321,0.993,0.066
"Baryphthengus martii",1.65,2.49,1.41,2.93,-0.621,0.621,2.45,0.026,0.0693,-0.426,0.426,0.168,-0.477
"Aegolius harrisii",1.06,-0.36,0.0868,-0.681,1.38,-1.38,0.316,-0.0345,-0.0289,1.76,-1.76,-1.63,-1.43
"Glaucidium nubicola",0.593,2.87,3.3,1.89,0.965,-0.965,4.23,0.000308,0.0751,1.16,-1.16,-0.656,0.411
"Glaucidium jardinii",0.235,0.561,0.843,0.196,0.725,-0.725,1.21,-0.0164,0.00501,0.689,-0.689,-1.68,-0.72
"Glaucidium brasilianum",0.461,-0.383,-0.376,-0.31,0.0142,-0.0142,-0.0464,-0.0332,-0.034,1,-1,1.38,-1.12
"Pulsatrix perspicillata",7.25,2.73,1.88,2.91,-0.309,0.309,2.29,0.0535,0.094,-1.12,1.12,0.168,-0.477
"Strix virgata",2.67,1.63,2.28,0.715,1.35,-1.35,2.68,-0.0214,0.0259,1.46,-1.46,-0.374,0.36
"Megascops choliba",1.2,1.59,1.84,1.04,0.788,-0.788,1.44,-0.0126,0.0129,0.492,-0.492,-0.0702,-0.992
"Pseudoscops clamator",5.09,1.73,1.67,1.43,0.383,-0.383,2.86,-0.023,0.0277,1.88,-1.88,0.624,-0.921
"Vanellus chilensis",2.95,1.8,0.652,2.44,-0.971,0.971,0.749,0.00523,0.0185,-1.01,1.01,0.429,-0.809
"Crotophaga major",1.39,0.218,-0.316,0.646,-0.946,0.946,0.322,-0.0176,-0.0119,-0.315,0.315,1.24,-1.25
"Crotophaga ani",0.726,-0.192,-0.485,0.107,-0.873,0.873,-0.0398,8.16,8.15,-1.16,1.16,0.248,0.761
"Columbina minuta",-0.0961,-0.276,-0.0242,-0.441,0.777,-0.777,-0.389,-0.0356,-0.0425,0.794,-0.794,1.47,-0.813
"Claravis pretiosa",0.315,-0.145,-0.0965,-0.158,0.233,-0.233,-0.0543,-0.0299,-0.0308,0.387,-0.387,0.646,0.75
"Leptotila verreauxi",1.22,-0.149,-0.252,-0.0267,-0.176,0.176,-0.33,-0.0267,-0.0325,-0.736,0.736,1.47,-0.813
"Leptotila pallida",1.72,1.86,1.82,1.51,0.427,-0.427,1.08,-0.0145,0.00465,0.32,-0.32,0.429,-0.809
"Leptotila rufaxilla",1.35,0.794,0.864,0.567,0.471,-0.471,0.285,-0.022,-0.017,-0.00133,0.00133,0.776,1.29
"Geotrygon montana",0.978,1.41,1.73,0.834,0.848,-0.848,1.1,-0.015,0.0044,0.342,-0.342,1.12,0.528
"Geotrygon saphirina",1.51,2.64,2.07,2.59,-0.0681,0.0681,1.53,0.0221,0.0491,-0.893,0.893,0.385,-0.257
"Nyctibius griseus",2.18,1.33,1.59,0.815,0.81,-0.81,1.83,-0.0202,0.0122,1.25,-1.25,-0.287,-1.16
"Caprimulgus maculicaudus",-0.136,0.553,0.586,0.41,0.366,-0.366,0.867,-0.0311,-0.0158,1.69,-1.69,1.14,0.258
"Caprimulgus longirostris",-0.0298,0.429,0.578,0.209,0.577,-0.577,0.961,-0.0312,-0.0141,1.76,-1.76,-0.829,-0.12
"Nyctidromus albicollis",0.103,0.585,1.1,0.00582,1.25,-1.25,0.969,-0.0281,-0.011,1.39,-1.39,0.841,-0.848
"Chordeiles pusillus",-0.162,0.012,0.111,-0.0779,0.395,-0.395,0.212,-0.0281,-0.0244,0.686,-0.686,1.45,0.58
"Phaethornis anthophilus",-0.467,-0.417,-0.456,-0.297,-0.131,0.131,-0.452,-0.0339,-0.0419,0.138,-0.138,1.19,-1.06
"Phaethornis griseogularis",-0.494,-0.533,-0.526,-0.429,-0.0812,0.0812,-0.536,-0.0348,-0.0443,0.139,-0.139,0.125,0.846
"Phaethornis striigularis",-0.494,0.316,0.395,0.181,0.436,-0.436,0.411,-0.0317,-0.0245,1.33,-1.33,-0.294,0.606
"Phaethornis ruber",-0.507,-0.184,-0.0964,-0.223,0.326,-0.326,-0.255,-0.0311,-0.0356,0.135,-0.135,1.45,0.564
"Phaethornis rupurumii",-0.494,-0.425,-0.192,-0.543,0.72,-0.72,-0.415,-0.0348,-0.0421,0.483,-0.483,1.43,0.673
"Phaethornis hispidus",-0.467,-0.0194,-0.0487,0.0105,0.0767,-0.0767,-0.0874,-0.0289,-0.0304,0.161,-0.161,0.147,2.71
"Phaethornis syrmatophorus",-0.454,0.274,0.302,0.192,0.339,-0.339,0.348,-0.0251,-0.019,0.249,-0.249,-0.538,0.149
"Phaethornis guy",-0.467,-0.122,0.153,-0.34,0.753,-0.753,0.077,-0.0309,-0.0296,0.749,-0.749,-0.468,-0.842
"Phaethornis malaris",-0.454,0.0189,0.214,-0.158,0.642,-0.642,0.306,-0.0329,-0.0275,1.46,-1.46,1.43,0.673
"Phaethornis longirostris",-0.454,1.37,0.209,2.11,-1.23,1.23,0.258,0.00285,0.00741,-1.5,1.5,0.906,0.458
"Threnetes ruckeri",-0.441,1.34,1.71,0.727,0.965,-0.965,1.37,-0.024,0.000232,1.28,-1.28,0.711,0.252
"Eutoxeres aquila",-0.388,0.793,0.396,0.981,-0.354,0.354,1.1,-0.0191,0.000435,0.41,-0.41,-0.219,0.177
"Anthracothorax nigricollis",-0.441,-0.261,-0.219,-0.245,0.175,-0.175,-0.33,-0.0342,-0.04,0.578,-0.578,0.429,-0.809
"Androdon aequatorialis",-0.428,0.461,0.106,0.681,-0.439,0.439,0.384,-0.0185,-0.0117,-0.166,0.166,0.566,0.0259
"Colibri thalassinus",-0.455,1.14,1.51,0.575,0.972,-0.972,1.46,-0.0199,0.0059,0.998,-0.998,-0.721,-0.348
"Haplophaedia aureliae",-0.467,0.511,0.807,0.143,0.935,-0.935,0.697,-0.0298,-0.0175,1.33,-1.33,-0.598,0.0266
"Eriocnemis vestita",-0.467,0.365,0.251,0.39,0.0269,-0.0269,0.227,-0.0229,-0.0188,0.00741,-0.00741,-0.678,0.469
"Urochroa bougueri",-0.388,0.801,0.913,0.537,0.458,-0.458,0.995,-0.0279,-0.0103,1.27,-1.27,-0.582,0.387
"Heliodoxa aurescens",-0.454,-0.461,-0.351,-0.462,0.322,-0.322,-0.411,-0.0346,-0.0419,0.502,-0.502,0.331,0.62
"Heliodoxa rubinoides",-0.428,0.816,0.45,0.971,-0.278,0.278,0.637,-0.0232,-0.0119,0.578,-0.578,-0.439,-0.859
"Heliodoxa jacula",-0.428,-0.684,-0.374,-0.817,1.03,-1.03,-0.471,-0.0376,-0.0459,1.33,-1.33,-0.0051,1.29
"Heliodoxa leadbeateri",-0.454,-1.05,-0.84,-1.02,0.466,-0.466,-0.784,-0.0395,-0.0534,0.665,-0.665,0.147,2.71
"Heliodoxa imperatrix",-0.414,0.692,0.737,0.51,0.397,-0.397,0.909,-0.0245,-0.00842,1.08,-1.08,-0.672,0.455
"Heliodoxa schreibersii",-0.0829,-0.985,-0.813,-0.933,0.349,-0.349,-0.719,-0.0388,-0.0515,0.663,-0.663,0.277,0.624
"Ocreatus underwoodii",-0.494,1.06,1.76,0.221,1.49,-1.49,1.26,-0.0264,-0.00416,1.36,-1.36,-0.439,-0.298
"Coeligena torquata",-0.441,0.64,1.01,0.177,1.1,-1.1,1.02,-0.027,-0.0089,1.64,-1.64,-0.688,0.265
"Coeligena helianthea",-0.441,-0.44,-0.0407,-0.702,1.25,-1.25,-0.447,-0.0386,-0.0465,1.78,-1.78,-1.63,-1.43
"Coeligena bonapartei",-0.454,-0.215,0.0748,-0.426,0.911,-0.911,-0.146,-0.0351,-0.0377,1.31,-1.31,-1.83,-1.49
"Coeligena prunellei",-0.441,-0.426,-0.219,-0.521,0.653,-0.653,-0.351,-0.0338,-0.04,0.435,-0.435,-0.678,0.166
"Coeligena wilsoni",-0.441,0.781,1.06,0.376,0.838,-0.838,0.981,-0.0204,-0.00307,0.639,-0.639,-0.67,0.45
"Coeligena coeligena",-0.454,0.0664,0.485,-0.318,1.16,-1.16,-0.0744,-0.0339,-0.0352,0.996,-0.996,-0.499,-0.0902
"Heliangelus exortis",-0.322,0.565,1.2,-0.112,1.51,-1.51,0.757,-0.0314,-0.0179,1.64,-1.64,-0.721,-0.348
"Adelomyia melanogenys",-0.467,0.726,1.22,0.141,1.17,-1.17,0.615,-0.0293,-0.0184,1.19,-1.19,-0.291,0.415
"Aglaiocercus coelestis",-0.454,0.259,0.484,0.00703,0.623,-0.623,0.487,-0.0288,-0.0202,1.06,-1.06,-0.618,0.418
"Aglaiocercus kingi",-0.467,-0.0824,0.13,-0.253,0.654,-0.654,-0.0529,-0.0316,-0.0325,0.609,-0.609,-0.963,-0.134
"Amazilia cyanifrons",-0.467,-0.587,-0.364,-0.663,0.603,-0.603,-0.504,-0.0366,-0.0455,0.532,-0.532,-1.07,-1.36
"Amazilia tzacatl",-0.467,-0.695,-0.471,-0.75,0.625,-0.625,-0.541,-0.0379,-0.0475,1.28,-1.28,0.906,-0.963
"Amazilia franciae",-0.467,-0.301,-0.229,-0.302,0.276,-0.276,-0.304,-0.0305,-0.0358,0.0152,-0.0152,-0.15,0.575
"Amazilia versicolor",-0.494,-1.33,-1.15,-1.21,0.112,-0.112,-0.88,-0.0403,-0.0559,0.311,-0.311,1.45,0.58
"Amazilia amabilis",-0.481,-0.687,-0.551,-0.666,0.319,-0.319,-0.569,-0.0372,-0.0472,0.692,-0.692,1.27,-1.2
"Amazilia viridigaster",-0.481,-0.329,-0.219,-0.359,0.307,-0.307,-0.32,-0.0339,-0.0396,0.575,-0.575,-0.0268,1.07
"Chlorostilbon mellisugus",-0.507,0.444,0.559,0.25,0.511,-0.511,0.82,-0.0302,-0.0157,1.54,-1.54,-0.439,0.263
"Florisuga mellivora",-0.441,1.07,0.853,1.04,0.107,-0.107,0.964,-0.00686,0.0102,-0.137,0.137,-0.439,-0.859
"Crypturellus soui",2.17,1.14,1.01,1.01,0.203,-0.203,1.4,-0.0154,0.00937,0.638,-0.638,0.429,-0.809
"Nothocercus bonapartei",12.9,2.81,3.16,1.93,0.882,-0.882,2.92,0.0429,0.0945,-0.598,0.598,-0.439,0.263
